id,property_id,score
1,2,12
2,4,153
3,7,129
4,8,21
5,9,225
6,10,93
7,11,48
8,12,9
9,14,234
10,16,42
11,17,48
12,18,45
13,20,42
14,21,18
15,22,42
16,23,54
17,24,33
18,25,207
19,27,63
20,28,15
21,29,12
22,32,15
23,34,54
24,35,288
25,43,3
26,44,6
27,48,12
28,51,3
29,53,9
30,54,6
31,55,3
32,57,12
33,63,6
34,64,9
35,70,12
36,76,63
37,78,9
38,79,12
39,80,9
40,82,9
41,83,12
42,84,15
43,85,6
44,86,9
45,87,12
46,88,3
47,89,6
48,91,6
49,93,45
50,94,3
51,95,9
52,97,51
53,98,24
54,99,15
55,123,3
56,125,12
57,126,6
58,128,6
59,129,15
60,130,15
61,131,12
62,132,24
63,133,18
64,135,15
65,136,12
66,137,6
67,139,9
68,140,15
69,141,6
70,142,15
71,143,6
72,144,9
73,145,15
74,146,24
75,147,3
76,148,3
77,149,3
78,151,6
79,154,18
80,155,24
81,156,15
82,157,30
83,182,21
84,183,9
85,184,84
86,186,24
87,187,3
88,188,12
89,189,12
90,193,12
91,233,6
92,234,3
93,235,9
94,236,9
95,240,18
96,241,42
97,243,6
98,244,36
99,245,6
100,246,27
101,248,9
102,249,30
103,250,21
104,251,3
105,252,6
106,255,9
107,256,18
108,257,9
109,258,6
110,279,78
111,280,3
112,283,6
113,284,6
114,286,18
115,287,3
116,290,15
117,293,9
118,295,9
119,296,15
120,298,3
121,299,15
122,300,138
123,301,24
124,302,6
125,304,54
126,305,27
127,306,33
128,307,12
129,309,3
130,310,6
131,311,3
132,320,6
133,321,12
134,324,33
135,325,6
136,326,21
137,329,3
138,330,36
139,342,9
140,344,3
141,345,3
142,347,15
143,348,15
144,350,3
145,351,9
146,352,24
147,353,3
148,354,3
149,355,6
150,356,3
151,357,15
152,358,9
153,359,6
154,361,6
155,365,3
156,366,15
157,367,12
158,368,21
159,372,24
160,373,3
161,378,9
162,382,6
163,383,12
164,386,84
165,387,9
166,389,36
167,390,3
168,392,6
169,393,24
170,394,12
171,397,9
172,399,3
173,400,3
174,402,9
175,403,15
176,404,27
177,406,6
178,410,9
179,411,24
180,413,9
181,414,18
182,415,21
183,418,3
184,542,9
185,544,3
186,545,3
187,549,3
188,560,3
189,561,54
190,563,3
191,564,12
192,565,24
193,566,3
194,567,3
195,568,9
196,569,15
197,570,12
198,571,3
199,572,33
200,573,18
201,576,21
202,577,36
203,578,33
204,579,9
205,581,132
206,582,3
207,583,6
208,584,39
209,585,15
210,586,6
211,587,6
212,588,6
213,590,3
214,591,51
215,592,15
216,594,27
217,596,12
218,597,3
219,598,3
220,599,3
221,600,12
222,601,6
223,602,33
224,604,6
225,605,3
226,606,9
227,608,21
228,609,36
229,611,33
230,612,3
231,618,3
232,619,36
233,620,9
234,621,3
235,622,18
236,623,9
237,624,93
238,627,3
239,628,21
240,630,9
241,631,3
242,633,15
243,636,12
244,638,12
245,639,27
246,640,12
247,641,15
248,646,3
249,647,6
250,649,27
251,650,21
252,651,54
253,652,3
254,653,21
255,654,9
256,655,3
257,656,12
258,657,12
259,660,15
260,662,6
261,663,12
262,664,9
263,666,3
264,667,3
265,668,18
266,669,6
267,670,9
268,671,18
269,672,3
270,673,30
271,674,21
272,680,24
273,681,36
274,682,6
275,683,3
276,684,36
277,686,6
278,689,9
279,693,6
280,694,18
281,695,18
282,697,6
283,698,15
284,699,12
285,700,9
286,701,18
287,703,9
288,704,12
289,705,21
290,706,66
291,708,9
292,710,15
293,713,24
294,714,3
295,716,3
296,718,30
297,720,6
298,721,12
299,722,6
300,723,9
301,725,6
302,726,9
303,728,3
304,729,9
305,730,3
306,732,57
307,733,3
308,735,15
309,737,6
310,738,12
311,739,3
312,742,33
313,744,3
314,745,6
315,746,6
316,748,12
317,749,3
318,753,24
319,754,6
320,755,3
321,757,3
322,759,15
323,762,30
324,764,12
325,766,12
326,767,6
327,769,3
328,770,3
329,771,6
330,772,6
331,788,6
332,790,24
333,791,15
334,792,6
335,793,3
336,794,3
337,800,18
338,802,9
339,803,12
340,804,9
341,806,6
342,807,12
343,808,3
344,811,18
345,812,6
346,813,6
347,815,6
348,816,15
349,818,39
350,819,12
351,820,21
352,821,3
353,823,9
354,825,30
355,827,3
356,829,12
357,830,6
358,831,9
359,833,6
360,834,12
361,836,138
362,837,12
363,839,72
364,840,186
365,843,12
366,844,21
367,845,24
368,846,48
369,847,9
370,849,45
371,850,15
372,852,36
373,853,3
374,854,3
375,855,6
376,856,3
377,858,12
378,859,9
379,860,30
380,862,39
381,865,12
382,866,3
383,867,15
384,870,9
385,873,21
386,874,3
387,875,6
388,876,3
389,877,6
390,878,12
391,879,9
392,880,3
393,881,33
394,882,6
395,883,3
396,884,9
397,885,60
398,887,27
399,888,3
400,890,9
401,891,42
402,892,12
403,898,3
404,899,30
405,901,12
406,903,6
407,904,3
408,905,3
409,906,3
410,907,30
411,908,3
412,911,6
413,912,3
414,913,3
415,914,15
416,917,18
417,918,102
418,919,6
419,921,3
420,922,6
421,923,6
422,924,15
423,925,12
424,926,6
425,928,15
426,929,6
427,930,18
428,933,33
429,934,54
430,935,9
431,943,45
432,947,24
433,948,45
434,949,12
435,950,18
436,952,3
437,953,3
438,954,6
439,955,9
440,957,30
441,960,9
442,961,15
443,963,24
444,964,48
445,965,21
446,966,48
447,969,15
448,972,6
449,973,6
450,974,3
451,977,33
452,978,30
453,979,6
454,980,12
455,985,33
456,986,9
457,987,6
458,988,36
459,989,15
460,990,6
461,992,24
462,993,6
463,994,48
464,995,3
465,998,12
466,999,24
467,1000,30
468,1017,3
469,1018,15
470,1026,36
471,1027,9
472,1029,24
473,1030,15
474,1031,96
475,1032,3
476,1033,12
477,1034,3
478,1035,3
479,1036,9
480,1037,9
481,1040,72
482,1041,9
483,1042,6
484,1044,9
485,1045,24
486,1046,42
487,1048,9
488,1050,30
489,1051,6
490,1055,15
491,1059,18
492,1060,24
493,1061,12
494,1062,6
495,1063,3
496,1064,12
497,1065,6
498,1066,12
499,1068,15
500,1071,3
501,1072,3
502,1073,15
503,1074,12
504,1075,18
505,1076,12
506,1079,45
507,1081,18
508,1082,15
509,1083,18
510,1084,21
511,1085,9
512,1086,6
513,1087,9
514,1089,9
515,1090,12
516,1092,12
517,1095,9
518,1096,12
519,1097,12
520,1100,24
521,1103,15
522,1105,6
523,1107,39
524,1111,24
525,1113,15
526,1118,15
527,1120,9
528,1124,12
529,1126,12
530,1127,30
531,1128,12
532,1131,15
533,1132,3
534,1133,6
535,1134,3
536,1135,15
537,1136,3
538,1137,3
539,1138,15
540,1145,84
541,1147,36
542,1149,9
543,1155,9
544,1157,15
545,1158,3
546,1159,39
547,1160,6
548,1161,21
549,1162,6
550,1163,12
551,1165,18
552,1166,9
553,1167,24
554,1172,105
555,1173,24
556,1175,6
557,1176,9
558,1177,6
559,1180,9
560,1181,30
561,1183,12
562,1184,12
563,1186,12
564,1188,6
565,1190,3
566,1191,15
567,1192,18
568,1194,12
569,1195,9
570,1196,6
571,1198,9
572,1199,12
573,1200,30
574,1201,15
575,1202,12
576,1203,12
577,1204,3
578,1205,9
579,1207,3
580,1210,6
581,1211,3
582,1213,6
583,1214,12
584,1217,3
585,1218,3
586,1219,9
587,1222,21
588,1226,6
589,1227,9
590,1228,3
591,1229,15
592,1230,9
593,1231,6
594,1232,15
595,1233,6
596,1234,24
597,1235,3
598,1236,51
599,1238,66
600,1240,6
601,1245,6
602,1246,12
603,1247,6
604,1248,15
605,1249,3
606,1254,21
607,1259,3
608,1260,9
609,1261,6
610,1262,6
611,1263,3
612,1264,15
613,1266,3
614,1268,6
615,1269,3
616,1270,3
617,1272,3
618,1273,147
619,1274,6
620,1275,30
621,1279,9
622,1282,6
623,1283,24
624,1284,3
625,1286,3
626,1287,6
627,1288,15
628,1290,30
629,1291,18
630,1293,18
631,1294,3
632,1297,48
633,1298,18
634,1300,12
635,1301,12
636,1302,15
637,1303,15
638,1305,9
639,1306,21
640,1307,18
641,1308,6
642,1309,3
643,1312,51
644,1313,18
645,1315,30
646,1320,15
647,1321,24
648,1322,6
649,1323,9
650,1324,24
651,1325,9
652,1326,45
653,1327,21
654,1328,12
655,1330,15
656,1332,102
657,1339,3
658,1340,150
659,1341,24
660,1342,528
661,1346,9
662,1348,48
663,1349,33
664,1350,3
665,1351,66
666,1352,9
667,1356,30
668,1357,12
669,1359,24
670,1365,6
671,1366,36
672,1371,30
673,1373,33
674,1374,30
675,1378,18
676,1379,42
677,1383,6
678,1384,21
679,1385,36
680,1386,24
681,1387,42
682,1388,6
683,1391,27
684,1393,27
685,1395,6
686,1396,27
687,1399,3
688,1402,39
689,1405,36
690,1407,45
691,1409,15
692,1411,84
693,1414,36
694,1416,18
695,1417,63
696,1418,6
697,1419,24
698,1421,42
699,1422,6
700,1423,231
701,1424,54
702,1433,72
703,1434,33
704,1435,18
705,1436,15
706,1437,6
707,1438,48
708,1439,36
709,1441,27
710,1451,6
711,1453,24
712,1454,18
713,1455,60
714,1456,9
715,1457,3
716,1458,6
717,1459,9
718,1460,3
719,1461,6
720,1462,3
721,1463,3
722,1464,3
723,1466,18
724,1467,9
725,1468,18
726,1469,3
727,1470,12
728,1472,15
729,1473,21
730,1474,24
731,1475,12
732,1476,15
733,1477,18
734,1479,21
735,18807,1
736,1480,9
737,1482,6
738,1483,12
739,1484,3
740,1486,3
741,1487,36
742,1488,12
743,1489,9
744,1491,6
745,1493,66
746,1496,21
747,1497,18
748,1498,15
749,1499,18
750,1500,24
751,1502,24
752,1503,9
753,1504,24
754,1505,33
755,1506,12
756,1517,12
757,1518,24
758,1519,3
759,1520,6
760,1521,15
761,1522,6
762,1523,3
763,1524,6
764,1526,3
765,1527,9
766,1528,6
767,1530,12
768,1533,6
769,1535,6
770,1536,15
771,1537,12
772,1540,24
773,1541,6
774,1542,36
775,1544,18
776,1545,3
777,1546,3
778,1548,9
779,1549,18
780,1550,6
781,1553,42
782,1555,6
783,1556,3
784,1561,30
785,1563,18
786,1564,12
787,1571,6
788,1572,3
789,1573,24
790,1574,15
791,1575,60
792,1576,9
793,1577,12
794,1578,84
795,1580,3
796,1581,6
797,1582,18
798,1583,3
799,1584,3
800,1585,9
801,1588,3
802,1589,30
803,1591,24
804,1592,24
805,1595,15
806,1596,30
807,1597,18
808,1598,12
809,1600,114
810,1602,3
811,1606,36
812,1607,3
813,1608,99
814,1609,6
815,1610,9
816,1611,27
817,1612,6
818,1613,33
819,1614,3
820,1615,48
821,1616,6
822,1617,24
823,1618,3
824,1619,6
825,1620,18
826,1621,24
827,1624,3
828,1637,54
829,1638,18
830,1640,36
831,1641,6
832,1642,6
833,1644,6
834,1645,24
835,1646,3
836,1647,57
837,1648,3
838,1649,12
839,1662,6
840,1663,3
841,1664,12
842,1665,6
843,1666,15
844,1667,3
845,1668,30
846,1669,15
847,1670,15
848,1671,9
849,1672,27
850,1673,3
851,1675,12
852,1676,6
853,1677,6
854,1678,12
855,1679,6
856,1681,18
857,1682,3
858,1683,12
859,1687,9
860,1688,9
861,1691,15
862,1693,6
863,1694,144
864,1736,3
865,1737,3
866,1738,3
867,1739,12
868,1740,9
869,1742,18
870,1743,30
871,1744,21
872,1745,18
873,1746,3
874,1747,36
875,1748,30
876,1749,24
877,1750,27
878,1751,60
879,1752,6
880,1753,3
881,1755,54
882,1756,42
883,1757,72
884,1758,18
885,1759,30
886,1760,6
887,1763,18
888,1764,66
889,1766,60
890,1767,24
891,1774,24
892,1855,15
893,1856,6
894,1857,21
895,1861,15
896,1865,6
897,1866,24
898,1867,12
899,1869,39
900,1871,30
901,1872,3
902,1874,3
903,1876,3
904,1877,6
905,1878,9
906,1879,3
907,1880,3
908,1881,6
909,1884,24
910,1886,3
911,1888,3
912,1890,33
913,1891,30
914,1892,30
915,1893,6
916,1896,54
917,1898,18
918,1900,15
919,1901,9
920,1903,27
921,1904,18
922,1908,30
923,1909,3
924,1910,3
925,1911,6
926,1912,39
927,1914,6
928,1915,3
929,1916,24
930,1917,9
931,1918,3
932,1919,9
933,1920,12
934,1926,9
935,1927,9
936,1929,12
937,1930,6
938,1931,18
939,1932,21
940,1933,12
941,1934,3
942,1936,3
943,1937,12
944,1938,9
945,1940,18
946,2016,3
947,2017,9
948,2018,30
949,2019,9
950,2021,9
951,2022,9
952,2026,3
953,2027,3
954,2030,3
955,2032,12
956,2034,18
957,2036,3
958,2037,12
959,2038,3
960,2040,12
961,2041,33
962,2043,9
963,2045,21
964,2047,21
965,2048,9
966,2049,3
967,2050,36
968,2051,3
969,2052,21
970,2053,18
971,2054,18
972,2055,9
973,2057,3
974,2058,6
975,2059,24
976,2060,3
977,2062,12
978,2064,15
979,2065,24
980,2066,6
981,2067,3
982,2068,12
983,2069,12
984,2070,15
985,2071,9
986,2072,15
987,2073,6
988,2074,9
989,2075,3
990,2077,21
991,2081,3
992,2082,15
993,2083,3
994,2084,12
995,2085,33
996,2086,6
997,2087,9
998,2092,3
999,2093,9
1000,2096,6
1001,2099,33
1002,2100,21
1003,2101,12
1004,2104,3
1005,2105,30
1006,2106,3
1007,2108,12
1008,2109,6
1009,2110,15
1010,2111,9
1011,2112,93
1012,2113,3
1013,2114,9
1014,2117,48
1015,2118,15
1016,2119,3
1017,2120,6
1018,2121,39
1019,2123,12
1020,2124,27
1021,2126,18
1022,2127,12
1023,2128,3
1024,2132,24
1025,2133,12
1026,2134,6
1027,2135,54
1028,2136,9
1029,2138,9
1030,2139,3
1031,2140,12
1032,2141,57
1033,2149,12
1034,2150,39
1035,2151,9
1036,2152,24
1037,2154,3
1038,2155,27
1039,2158,6
1040,2161,21
1041,2164,6
1042,2168,3
1043,2169,6
1044,2171,3
1045,2174,18
1046,2176,3
1047,2181,3
1048,2183,3
1049,2186,9
1050,2187,6
1051,2196,3
1052,2198,30
1053,2200,12
1054,2201,3
1055,2202,6
1056,2204,12
1057,2206,6
1058,2207,12
1059,2208,12
1060,2211,9
1061,2212,9
1062,2213,6
1063,2214,12
1064,2215,18
1065,2216,12
1066,2217,24
1067,2218,3
1068,2219,9
1069,2269,3
1070,2270,21
1071,2272,6
1072,2275,21
1073,2276,15
1074,2278,9
1075,2281,6
1076,2282,6
1077,2284,12
1078,2285,12
1079,2287,6
1080,2288,3
1081,2290,3
1082,2292,75
1083,2293,3
1084,2294,6
1085,2295,9
1086,2297,6
1087,2298,21
1088,2299,9
1089,2300,3
1090,2309,9
1091,2311,18
1092,2317,9
1093,2318,9
1094,2319,3
1095,2321,3
1096,2322,12
1097,2323,3
1098,2325,21
1099,2326,24
1100,2327,33
1101,2329,3
1102,2331,15
1103,2332,6
1104,2333,15
1105,18808,1
1106,2334,3
1107,2335,3
1108,2337,18
1109,2338,30
1110,2339,9
1111,2341,30
1112,2343,3
1113,2345,6
1114,2346,33
1115,2347,21
1116,2351,3
1117,2353,9
1118,2354,18
1119,2355,15
1120,2358,3
1121,2362,3
1122,2363,9
1123,2365,6
1124,2366,3
1125,2371,6
1126,2387,27
1127,2389,3
1128,2395,6
1129,2399,3
1130,2400,21
1131,2406,33
1132,2410,6
1133,2411,12
1134,2412,21
1135,2413,78
1136,2414,9
1137,2418,18
1138,2419,9
1139,2421,12
1140,2422,6
1141,2423,6
1142,2424,9
1143,2425,15
1144,2426,33
1145,2428,33
1146,2431,24
1147,2432,27
1148,2433,9
1149,2435,48
1150,2436,30
1151,2437,3
1152,2438,72
1153,2448,12
1154,2464,3
1155,2466,18
1156,2476,12
1157,2479,6
1158,2480,9
1159,2481,42
1160,2483,9
1161,2485,9
1162,2486,24
1163,2487,6
1164,2488,132
1165,2489,27
1166,2490,3
1167,2491,3
1168,2492,21
1169,2493,3
1170,2494,18
1171,2496,12
1172,2497,9
1173,2498,9
1174,2510,18
1175,2516,3
1176,2517,6
1177,2519,12
1178,2520,30
1179,2521,6
1180,2524,6
1181,2526,12
1182,2527,30
1183,2529,30
1184,2530,63
1185,2531,9
1186,2532,21
1187,2534,3
1188,2535,12
1189,2536,21
1190,2537,51
1191,2538,3
1192,2539,9
1193,2540,6
1194,2541,6
1195,2542,6
1196,2543,18
1197,2544,30
1198,2547,12
1199,2548,9
1200,2550,51
1201,2552,15
1202,2553,42
1203,2554,3
1204,2556,15
1205,2564,18
1206,2565,6
1207,2568,6
1208,2571,6
1209,2575,6
1210,2577,6
1211,2579,3
1212,2580,9
1213,2581,3
1214,2582,60
1215,2583,12
1216,2584,18
1217,2585,6
1218,2586,12
1219,2587,6
1220,2589,3
1221,2591,9
1222,2592,21
1223,2594,15
1224,2598,6
1225,2599,6
1226,2600,42
1227,2604,63
1228,2605,33
1229,2607,12
1230,2608,21
1231,2610,3
1232,2612,12
1233,2613,9
1234,2614,3
1235,2615,33
1236,2616,15
1237,2618,6
1238,2620,18
1239,2622,3
1240,2623,54
1241,2624,51
1242,2625,12
1243,2632,6
1244,2633,3
1245,2635,15
1246,2636,24
1247,2637,66
1248,2639,15
1249,2640,3
1250,2641,30
1251,2642,3
1252,2646,3
1253,2647,36
1254,2648,12
1255,2649,3
1256,2650,6
1257,2652,6
1258,2653,48
1259,2711,6
1260,2713,9
1261,2715,15
1262,2716,6
1263,2717,45
1264,2719,6
1265,2720,18
1266,2721,33
1267,2722,12
1268,2723,3
1269,2724,6
1270,2725,6
1271,2726,15
1272,2727,18
1273,2728,6
1274,2729,3
1275,2730,3
1276,2731,6
1277,2733,15
1278,2734,12
1279,2735,24
1280,2736,3
1281,2738,12
1282,2740,3
1283,2741,6
1284,2742,24
1285,2743,15
1286,2749,6
1287,2751,27
1288,2753,9
1289,2754,9
1290,2755,36
1291,2756,18
1292,2757,3
1293,2758,27
1294,2762,42
1295,2763,9
1296,2764,21
1297,2765,6
1298,2766,3
1299,2767,27
1300,2768,39
1301,2769,3
1302,2770,12
1303,2772,12
1304,2774,6
1305,2775,3
1306,2776,9
1307,2777,3
1308,2778,30
1309,2781,15
1310,2782,6
1311,2784,12
1312,2785,18
1313,2786,3
1314,2787,27
1315,2789,21
1316,2791,6
1317,2792,3
1318,2793,3
1319,2794,6
1320,2798,3
1321,2799,12
1322,2800,12
1323,2801,18
1324,2802,12
1325,2803,9
1326,2804,36
1327,2805,9
1328,2806,45
1329,2807,15
1330,2808,3
1331,2809,9
1332,2811,18
1333,2812,9
1334,2813,3
1335,2814,6
1336,2815,21
1337,2816,54
1338,2818,3
1339,2819,9
1340,2820,3
1341,2823,18
1342,2825,27
1343,2826,3
1344,2828,12
1345,2830,42
1346,2831,18
1347,2832,9
1348,2834,48
1349,2842,6
1350,2845,30
1351,2847,3
1352,2850,9
1353,2851,3
1354,2853,9
1355,2854,6
1356,2855,12
1357,2857,15
1358,2859,9
1359,2860,3
1360,2865,6
1361,2866,6
1362,2867,12
1363,2868,6
1364,2870,45
1365,2871,9
1366,2872,6
1367,2873,3
1368,2874,18
1369,2876,36
1370,2879,12
1371,2881,3
1372,2882,3
1373,2884,12
1374,2885,3
1375,2886,18
1376,2887,3
1377,2888,6
1378,2890,30
1379,2894,21
1380,2897,3
1381,2900,9
1382,2902,18
1383,2903,6
1384,2904,3
1385,2905,15
1386,2906,3
1387,2908,6
1388,2910,12
1389,2911,21
1390,2912,3
1391,2913,3
1392,2914,12
1393,2915,15
1394,2916,9
1395,2917,6
1396,2924,72
1397,2925,12
1398,2929,6
1399,2930,3
1400,2931,9
1401,2932,3
1402,2933,21
1403,2934,6
1404,2935,12
1405,2936,72
1406,2938,24
1407,2939,9
1408,2941,9
1409,2947,6
1410,2948,3
1411,2949,6
1412,2955,3
1413,2956,3
1414,2960,9
1415,2961,12
1416,2962,12
1417,2963,15
1418,2964,3
1419,2965,12
1420,2966,33
1421,2968,9
1422,2969,6
1423,2970,15
1424,2971,12
1425,2973,21
1426,2974,12
1427,2975,6
1428,2977,9
1429,2978,9
1430,2981,21
1431,2982,30
1432,2985,6
1433,2986,75
1434,2988,15
1435,2990,6
1436,2992,18
1437,2993,15
1438,2994,27
1439,3002,6
1440,3003,6
1441,3004,3
1442,3005,3
1443,3006,18
1444,3007,12
1445,3009,9
1446,3015,6
1447,3016,21
1448,3018,18
1449,3019,3
1450,3020,6
1451,3024,24
1452,3025,3
1453,3027,15
1454,3028,27
1455,3029,3
1456,3030,18
1457,3033,3
1458,3034,30
1459,3035,9
1460,3038,18
1461,3041,12
1462,3043,63
1463,3050,3
1464,3051,6
1465,3052,6
1466,3053,15
1467,3056,3
1468,3057,18
1469,3058,12
1470,3060,12
1471,3062,30
1472,3063,3
1473,3065,6
1474,3066,18
1475,18809,1
1476,3067,6
1477,3068,18
1478,3069,24
1479,3071,12
1480,3072,24
1481,3073,6
1482,3078,6
1483,3079,15
1484,3081,9
1485,3082,12
1486,3085,6
1487,3088,15
1488,3089,6
1489,3090,3
1490,3091,12
1491,3092,18
1492,3096,3
1493,3098,3
1494,3099,12
1495,3101,33
1496,3104,6
1497,3126,12
1498,3127,12
1499,3128,6
1500,3130,9
1501,3131,30
1502,3133,24
1503,3134,9
1504,3135,6
1505,3138,3
1506,3139,6
1507,3141,21
1508,3142,6
1509,3143,12
1510,3144,3
1511,3146,54
1512,3147,18
1513,3148,48
1514,3150,3
1515,3151,33
1516,3152,3
1517,3153,9
1518,3159,36
1519,3162,3
1520,3165,15
1521,3166,6
1522,3168,33
1523,3170,15
1524,3172,12
1525,3174,18
1526,3175,6
1527,3176,6
1528,3177,3
1529,3178,3
1530,3185,6
1531,3186,18
1532,3197,24
1533,3199,36
1534,3200,6
1535,3205,12
1536,3207,27
1537,3208,12
1538,3209,24
1539,3210,36
1540,3211,9
1541,3212,18
1542,3215,3
1543,3216,3
1544,3218,3
1545,3219,48
1546,3221,21
1547,3224,3
1548,3225,6
1549,3226,6
1550,3227,6
1551,3228,3
1552,3229,3
1553,3230,3
1554,3231,6
1555,3233,6
1556,3234,45
1557,3235,3
1558,3236,3
1559,3239,3
1560,3240,12
1561,3243,57
1562,3244,18
1563,3249,9
1564,3250,30
1565,3252,3
1566,3255,6
1567,3256,144
1568,3258,9
1569,3262,18
1570,3264,6
1571,3265,9
1572,3269,9
1573,3273,15
1574,3276,3
1575,3277,3
1576,3278,3
1577,3279,3
1578,3280,12
1579,3281,6
1580,3282,6
1581,3289,6
1582,3291,30
1583,3292,9
1584,3293,3
1585,3294,6
1586,3309,15
1587,3310,3
1588,3311,12
1589,3312,6
1590,3313,24
1591,3315,6
1592,3317,3
1593,3320,9
1594,3322,24
1595,3324,3
1596,3326,3
1597,3329,6
1598,3332,21
1599,3333,6
1600,3334,27
1601,3346,24
1602,3347,3
1603,3348,6
1604,3349,15
1605,3350,6
1606,3353,3
1607,3372,9
1608,3373,6
1609,3374,9
1610,3394,3
1611,3397,12
1612,3400,9
1613,3404,36
1614,3405,42
1615,3409,273
1616,3410,3
1617,3411,18
1618,3412,51
1619,3416,36
1620,3418,6
1621,3419,126
1622,3421,30
1623,3424,9
1624,3426,3
1625,3427,6
1626,3436,15
1627,3438,3
1628,3439,3
1629,3441,30
1630,3442,72
1631,3443,30
1632,3444,3
1633,3446,6
1634,3450,6
1635,3451,24
1636,3456,3
1637,3458,21
1638,3460,21
1639,3462,9
1640,3463,12
1641,3465,12
1642,3466,75
1643,3474,3
1644,3477,3
1645,3479,12
1646,3481,15
1647,3482,3
1648,3484,3
1649,3485,6
1650,3487,33
1651,3488,3
1652,3490,3
1653,3491,12
1654,3495,18
1655,3496,21
1656,3497,9
1657,3498,27
1658,3499,42
1659,3500,9
1660,18810,1
1661,3502,21
1662,3503,6
1663,3504,3
1664,3505,3
1665,3507,12
1666,3508,6
1667,3509,3
1668,3512,9
1669,3513,18
1670,3514,12
1671,3515,21
1672,3516,12
1673,3517,6
1674,3519,15
1675,3520,36
1676,3521,3
1677,3522,6
1678,3524,12
1679,3525,3
1680,3526,12
1681,3527,3
1682,3529,18
1683,3530,24
1684,3531,39
1685,3538,24
1686,3539,12
1687,3542,24
1688,3543,6
1689,3545,12
1690,3546,3
1691,3547,9
1692,3549,3
1693,3551,9
1694,3552,15
1695,3554,9
1696,3555,6
1697,3556,3
1698,3560,12
1699,3562,6
1700,3563,3
1701,3568,39
1702,3570,3
1703,3571,9
1704,3572,3
1705,3573,6
1706,3574,18
1707,3576,15
1708,3582,30
1709,3583,18
1710,3585,12
1711,3586,18
1712,3592,3
1713,3626,3
1714,3628,9
1715,3629,18
1716,3632,12
1717,3633,12
1718,3656,24
1719,3657,3
1720,3659,3
1721,3660,21
1722,3661,12
1723,3663,12
1724,3664,6
1725,3665,9
1726,3666,6
1727,3667,102
1728,3670,9
1729,3672,3
1730,3674,30
1731,3675,3
1732,3676,30
1733,3677,6
1734,3681,6
1735,3682,6
1736,3683,3
1737,3684,3
1738,3685,39
1739,3686,6
1740,3687,3
1741,3690,3
1742,3691,24
1743,3693,9
1744,3695,12
1745,3697,24
1746,3698,48
1747,3699,21
1748,3701,21
1749,3702,36
1750,3703,3
1751,3705,6
1752,3706,6
1753,3707,12
1754,3709,6
1755,3710,9
1756,3711,12
1757,3714,3
1758,3716,9
1759,3718,12
1760,3719,24
1761,3720,15
1762,3724,12
1763,3725,15
1764,3728,24
1765,3729,33
1766,3730,48
1767,3731,9
1768,3732,24
1769,3734,18
1770,3735,6
1771,3738,21
1772,3739,12
1773,3740,6
1774,3741,9
1775,3742,6
1776,3745,69
1777,3748,36
1778,3752,6
1779,3753,6
1780,3754,60
1781,3774,30
1782,3775,6
1783,3776,21
1784,3782,45
1785,3783,3
1786,3784,9
1787,3785,36
1788,3786,21
1789,3787,15
1790,3789,18
1791,3792,27
1792,3793,3
1793,3794,12
1794,3797,3
1795,3801,3
1796,3803,3
1797,3804,12
1798,3807,3
1799,3808,39
1800,3809,3
1801,3811,6
1802,3814,3
1803,3815,3
1804,3818,12
1805,3819,6
1806,3820,6
1807,3822,3
1808,3823,3
1809,3825,42
1810,3826,12
1811,3827,21
1812,3896,3
1813,3900,6
1814,3901,12
1815,3903,6
1816,3904,3
1817,3905,21
1818,3906,6
1819,3907,6
1820,3908,6
1821,3909,12
1822,3910,3
1823,3912,18
1824,3913,15
1825,3946,60
1826,3947,9
1827,3949,24
1828,3950,6
1829,3953,3
1830,3954,18
1831,3955,6
1832,3956,6
1833,3957,12
1834,3958,3
1835,3959,12
1836,3961,15
1837,3963,12
1838,3967,3
1839,3968,18
1840,3969,21
1841,3970,3
1842,3974,12
1843,3976,9
1844,3977,9
1845,3981,24
1846,3984,6
1847,3987,6
1848,3990,24
1849,3993,15
1850,3994,12
1851,3995,3
1852,3996,3
1853,3998,33
1854,3999,6
1855,4001,6
1856,4002,3
1857,4003,6
1858,4005,30
1859,4006,6
1860,4008,6
1861,4010,12
1862,4014,3
1863,4018,18
1864,4020,3
1865,4021,18
1866,4022,54
1867,4023,42
1868,4024,27
1869,4025,12
1870,4027,21
1871,4028,18
1872,4030,6
1873,4034,24
1874,4037,6
1875,4038,3
1876,4039,3
1877,4041,24
1878,4042,12
1879,4046,6
1880,4047,9
1881,4048,45
1882,4050,15
1883,4065,12
1884,4072,6
1885,4075,36
1886,4076,3
1887,4077,12
1888,4078,12
1889,4079,30
1890,4081,9
1891,4082,18
1892,4085,6
1893,4086,3
1894,4087,9
1895,4088,351
1896,4090,9
1897,4095,21
1898,4096,18
1899,4097,18
1900,4098,18
1901,4099,48
1902,4100,39
1903,4101,18
1904,4119,33
1905,4120,18
1906,4126,15
1907,4127,18
1908,4131,6
1909,4132,36
1910,4133,3
1911,4135,60
1912,4136,51
1913,4139,12
1914,4141,3
1915,4142,12
1916,4143,30
1917,4144,36
1918,4146,15
1919,4147,15
1920,4148,6
1921,4150,6
1922,4152,6
1923,4155,30
1924,4157,12
1925,4160,18
1926,4162,12
1927,4164,12
1928,4166,12
1929,4167,6
1930,4169,15
1931,4170,9
1932,4172,30
1933,4176,27
1934,4178,9
1935,4179,27
1936,4182,15
1937,4183,51
1938,4184,15
1939,4187,12
1940,4190,18
1941,4191,21
1942,4192,3
1943,4193,9
1944,4195,9
1945,4196,3
1946,4197,3
1947,4198,18
1948,4199,9
1949,4201,15
1950,4204,15
1951,4209,6
1952,4210,3
1953,4211,6
1954,4212,30
1955,4214,6
1956,4215,9
1957,4217,15
1958,4219,9
1959,4220,3
1960,4221,18
1961,4222,15
1962,4223,3
1963,4224,15
1964,4225,6
1965,4228,39
1966,4229,6
1967,4231,3
1968,4235,36
1969,4238,12
1970,4239,18
1971,4241,12
1972,4242,18
1973,4243,18
1974,4247,60
1975,4250,12
1976,4251,48
1977,4252,18
1978,4254,9
1979,4255,12
1980,4258,9
1981,4259,57
1982,4260,9
1983,4261,3
1984,4262,21
1985,4263,24
1986,4264,6
1987,4364,3
1988,4366,6
1989,4368,39
1990,4369,3
1991,4370,60
1992,4372,3
1993,4373,33
1994,4374,12
1995,4376,33
1996,4377,18
1997,4378,9
1998,4380,3
1999,4381,12
2000,4382,18
2001,4383,9
2002,4384,15
2003,4386,9
2004,4388,9
2005,4389,3
2006,4396,12
2007,4397,6
2008,4398,12
2009,4402,3
2010,4405,3
2011,4408,9
2012,4409,48
2013,4411,75
2014,4412,6
2015,4413,6
2016,4416,39
2017,4417,15
2018,4419,18
2019,4427,9
2020,4428,18
2021,4429,6
2022,4430,9
2023,4431,9
2024,4432,3
2025,4433,15
2026,4440,21
2027,4441,33
2028,4443,18
2029,4445,3
2030,18811,1
2031,4446,6
2032,4448,18
2033,4449,60
2034,4450,18
2035,4451,36
2036,4452,18
2037,4454,12
2038,4456,6
2039,4458,18
2040,4459,3
2041,4462,6
2042,4463,15
2043,4464,42
2044,4465,12
2045,4474,18
2046,4475,42
2047,4476,48
2048,4477,9
2049,4480,6
2050,4483,6
2051,4484,3
2052,4485,15
2053,4486,60
2054,4487,3
2055,4489,6
2056,4491,6
2057,4493,6
2058,4496,36
2059,4498,24
2060,4499,18
2061,4501,3
2062,4506,6
2063,4508,3
2064,4512,18
2065,4513,9
2066,4514,9
2067,4515,6
2068,4516,21
2069,4517,42
2070,4520,9
2071,4521,6
2072,4522,78
2073,4523,3
2074,4524,9
2075,4526,3
2076,4529,27
2077,4531,15
2078,4532,48
2079,4534,18
2080,4535,18
2081,4538,24
2082,4539,12
2083,4541,24
2084,4549,12
2085,4550,15
2086,4551,6
2087,4554,15
2088,4555,6
2089,4561,6
2090,4564,3
2091,4565,18
2092,4567,48
2093,4569,3
2094,4573,30
2095,4579,9
2096,4581,3
2097,4582,3
2098,4583,9
2099,4586,48
2100,4589,3
2101,4591,3
2102,4592,6
2103,4593,12
2104,4594,24
2105,4595,21
2106,4597,18
2107,4598,3
2108,4599,30
2109,4600,3
2110,4601,87
2111,4602,42
2112,4603,6
2113,4604,6
2114,4605,30
2115,4607,12
2116,4609,39
2117,4610,3
2118,4611,27
2119,4613,9
2120,4617,9
2121,4618,3
2122,4619,9
2123,4620,24
2124,4621,3
2125,4622,9
2126,4623,27
2127,4624,18
2128,4625,9
2129,4627,27
2130,4628,12
2131,4630,3
2132,4631,21
2133,4633,3
2134,4636,27
2135,4638,12
2136,4639,33
2137,4640,30
2138,4641,21
2139,4642,3
2140,4644,3
2141,4645,15
2142,4648,3
2143,4649,12
2144,4650,12
2145,4651,3
2146,4652,3
2147,4653,27
2148,4655,3
2149,4656,12
2150,4657,3
2151,4658,6
2152,4660,21
2153,4663,6
2154,4664,9
2155,4665,39
2156,4667,21
2157,4669,18
2158,4670,9
2159,4671,6
2160,4680,6
2161,4684,3
2162,4686,6
2163,4687,3
2164,4688,9
2165,4689,15
2166,4704,9
2167,4705,15
2168,4706,54
2169,4708,15
2170,4710,39
2171,4712,9
2172,4716,6
2173,4719,9
2174,4720,30
2175,4721,3
2176,4722,24
2177,4723,3
2178,4724,9
2179,4725,18
2180,4764,30
2181,4765,39
2182,4766,6
2183,4767,12
2184,4768,15
2185,4771,9
2186,4773,6
2187,4775,36
2188,4777,9
2189,4779,39
2190,4782,66
2191,4783,3
2192,4784,3
2193,4785,15
2194,4787,3
2195,4789,6
2196,4792,3
2197,4794,42
2198,4796,12
2199,4797,3
2200,4798,15
2201,4801,12
2202,4804,3
2203,4805,6
2204,4806,30
2205,4807,12
2206,4808,6
2207,4812,12
2208,4813,30
2209,4814,6
2210,4816,6
2211,4817,3
2212,4818,12
2213,4821,9
2214,4822,3
2215,18812,1
2216,4824,12
2217,4826,90
2218,4827,15
2219,4828,6
2220,4830,12
2221,4831,6
2222,4838,6
2223,4839,3
2224,4840,6
2225,4842,6
2226,4843,57
2227,4844,12
2228,4845,9
2229,4846,21
2230,4847,9
2231,4850,42
2232,4853,6
2233,4854,6
2234,4855,15
2235,4856,6
2236,4860,24
2237,4862,30
2238,4884,15
2239,4886,6
2240,4887,6
2241,4888,3
2242,4889,33
2243,4890,3
2244,4892,51
2245,4897,18
2246,4898,3
2247,4899,6
2248,4901,42
2249,4904,36
2250,4905,12
2251,4906,6
2252,4908,30
2253,4910,27
2254,4911,6
2255,4914,3
2256,4916,3
2257,4917,48
2258,4919,30
2259,4921,120
2260,4922,21
2261,4924,12
2262,4925,285
2263,4927,33
2264,4929,30
2265,4930,3
2266,4931,9
2267,4933,18
2268,4934,12
2269,4935,18
2270,4936,6
2271,4938,30
2272,4941,12
2273,4942,3
2274,4943,24
2275,4944,3
2276,4946,12
2277,4948,24
2278,4949,18
2279,4951,3
2280,4952,3
2281,4953,21
2282,4956,3
2283,4957,21
2284,4959,24
2285,4960,3
2286,4964,12
2287,4966,18
2288,4967,3
2289,4968,9
2290,4974,18
2291,4975,30
2292,4976,24
2293,4980,15
2294,4981,6
2295,4984,12
2296,4985,15
2297,4986,36
2298,4987,30
2299,4988,9
2300,4994,27
2301,4995,6
2302,4998,3
2303,4999,27
2304,5000,90
2305,5001,96
2306,5002,30
2307,5004,9
2308,5006,6
2309,5007,15
2310,5008,36
2311,5010,3
2312,5017,27
2313,5018,3
2314,5022,6
2315,5023,6
2316,5025,12
2317,5026,12
2318,5027,18
2319,5028,12
2320,5029,36
2321,5033,9
2322,5035,9
2323,5037,3
2324,5038,3
2325,5039,3
2326,5041,24
2327,5042,3
2328,5045,9
2329,5047,6
2330,5052,3
2331,5054,12
2332,5055,15
2333,5056,3
2334,5057,6
2335,5059,12
2336,5060,42
2337,5061,30
2338,5063,3
2339,5064,129
2340,5065,21
2341,5066,24
2342,5068,6
2343,5069,3
2344,5070,54
2345,5072,9
2346,5073,6
2347,5074,12
2348,5080,6
2349,5081,15
2350,5085,3
2351,5086,33
2352,5089,6
2353,5092,24
2354,5093,3
2355,5096,24
2356,5097,15
2357,5098,9
2358,5100,12
2359,5101,9
2360,5102,3
2361,5105,18
2362,5106,12
2363,5108,27
2364,5109,6
2365,5110,33
2366,5111,6
2367,5112,3
2368,5113,15
2369,5115,6
2370,5116,9
2371,5117,36
2372,5119,3
2373,5120,21
2374,5121,42
2375,5122,3
2376,5123,12
2377,5127,45
2378,5128,24
2379,5130,12
2380,5132,27
2381,5133,27
2382,5134,57
2383,5136,9
2384,5137,9
2385,5138,6
2386,5139,12
2387,5140,21
2388,5141,48
2389,5142,6
2390,5143,21
2391,5144,18
2392,5145,3
2393,5147,42
2394,5148,3
2395,5150,6
2396,5151,6
2397,5152,6
2398,5154,30
2399,5155,18
2400,5156,60
2401,5157,3
2402,5159,6
2403,5160,27
2404,5162,6
2405,5163,12
2406,5164,12
2407,5165,18
2408,5167,6
2409,5168,12
2410,5169,15
2411,5171,3
2412,5177,18
2413,5178,6
2414,5182,30
2415,5183,6
2416,5185,6
2417,5186,33
2418,5187,3
2419,5188,12
2420,5190,18
2421,5193,21
2422,5195,30
2423,5197,6
2424,5198,24
2425,5199,12
2426,5200,6
2427,5201,120
2428,5202,60
2429,5204,9
2430,5205,6
2431,5207,12
2432,5209,3
2433,5210,27
2434,5211,3
2435,5212,3
2436,5214,24
2437,5215,30
2438,5220,66
2439,5221,33
2440,5222,72
2441,5223,6
2442,5224,30
2443,5225,129
2444,5226,6
2445,5227,12
2446,5228,6
2447,5229,6
2448,5230,12
2449,5231,3
2450,5233,12
2451,5234,63
2452,5236,3
2453,5238,6
2454,5239,15
2455,5245,3
2456,5246,24
2457,5248,9
2458,5249,12
2459,5250,6
2460,5251,15
2461,5253,9
2462,5254,24
2463,5256,6
2464,5257,27
2465,5258,30
2466,5260,12
2467,5261,12
2468,5262,3
2469,5263,63
2470,5265,18
2471,5266,12
2472,5267,3
2473,5268,21
2474,5269,3
2475,5271,3
2476,5272,21
2477,5274,6
2478,5276,15
2479,5282,6
2480,5283,3
2481,5284,18
2482,5285,3
2483,5286,69
2484,5289,66
2485,5291,3
2486,5292,9
2487,5293,9
2488,5294,78
2489,5295,42
2490,5297,12
2491,5298,6
2492,5300,12
2493,5302,60
2494,5303,9
2495,5306,69
2496,5307,6
2497,5308,24
2498,5309,6
2499,5310,42
2500,5312,21
2501,5313,33
2502,5314,3
2503,5316,27
2504,5317,6
2505,5318,12
2506,5319,18
2507,5323,6
2508,5325,3
2509,5326,3
2510,5327,9
2511,5329,51
2512,5330,6
2513,5332,6
2514,5333,9
2515,5335,9
2516,5337,39
2517,5338,15
2518,5339,15
2519,5381,3
2520,5383,3
2521,5389,24
2522,5391,45
2523,5411,66
2524,5415,3
2525,5425,9
2526,5484,3
2527,5531,9
2528,5548,3
2529,5567,42
2530,5635,12
2531,5659,48
2532,5660,18
2533,5661,33
2534,5690,6
2535,5694,15
2536,5696,42
2537,5701,3
2538,5703,39
2539,5729,24
2540,5730,6
2541,5751,120
2542,5756,45
2543,5781,15
2544,5811,30
2545,5813,6
2546,5816,84
2547,5823,27
2548,5824,15
2549,5825,18
2550,5827,21
2551,5834,15
2552,5842,24
2553,5853,9
2554,5855,3
2555,5856,30
2556,5859,3
2557,5862,3
2558,5865,3
2559,5870,21
2560,5872,3
2561,5873,27
2562,5876,138
2563,5877,9
2564,5923,12
2565,5933,12
2566,5945,18
2567,5956,18
2568,5958,6
2569,5971,27
2570,5972,3
2571,6007,9
2572,6027,36
2573,6035,27
2574,6072,24
2575,6080,18
2576,6092,60
2577,6109,6
2578,6113,6
2579,6115,3
2580,6117,6
2581,6121,3
2582,6124,21
2583,6136,6
2584,6137,6
2585,6138,6
2586,6147,9
2587,6169,51
2588,6172,12
2589,6178,48
2590,6212,24
2591,6228,15
2592,6337,24
2593,6349,24
2594,6358,9
2595,6362,75
2596,6363,36
2597,6367,24
2598,6380,6
2599,6385,9
2600,6386,12
2601,6401,6
2602,6433,36
2603,6521,30
2604,6563,135
2605,6564,6
2606,6570,3
2607,6578,3
2608,6586,57
2609,6587,12
2610,6592,15
2611,6601,3
2612,6604,3
2613,6608,24
2614,6610,54
2615,6612,30
2616,6613,36
2617,6614,24
2618,6616,36
2619,6630,3
2620,6651,42
2621,6655,18
2622,6667,6
2623,6669,15
2624,6670,42
2625,6681,6
2626,6682,9
2627,6683,3
2628,6685,21
2629,6688,21
2630,6689,51
2631,6695,42
2632,6696,18
2633,6697,66
2634,6700,51
2635,6701,15
2636,6704,48
2637,6706,3
2638,6708,12
2639,6718,21
2640,6734,39
2641,6735,12
2642,6738,36
2643,6739,6
2644,6755,18
2645,6759,60
2646,6775,27
2647,6827,9
2648,6841,3
2649,6847,45
2650,6849,24
2651,6853,12
2652,6861,18
2653,6864,39
2654,6874,3
2655,6876,30
2656,6877,24
2657,6882,30
2658,6884,15
2659,6888,12
2660,6889,6
2661,6892,24
2662,6895,6
2663,6900,9
2664,6905,12
2665,6906,24
2666,6933,21
2667,6937,3
2668,6947,30
2669,6952,3
2670,6953,18
2671,6956,36
2672,6986,15
2673,7026,33
2674,7027,66
2675,7030,30
2676,7031,9
2677,7033,3
2678,7037,18
2679,7039,30
2680,7056,24
2681,7057,39
2682,7058,3
2683,7061,9
2684,7062,33
2685,7066,21
2686,7068,42
2687,7069,24
2688,7070,66
2689,7074,3
2690,7080,18
2691,7084,51
2692,7095,42
2693,7097,3
2694,7101,6
2695,7107,27
2696,7108,15
2697,7109,189
2698,7115,3
2699,7118,6
2700,7125,15
2701,7128,33
2702,7139,24
2703,7142,6
2704,7143,48
2705,7151,15
2706,7153,9
2707,7156,21
2708,7158,18
2709,7167,66
2710,7171,6
2711,7185,27
2712,7187,3
2713,7197,9
2714,7204,3
2715,7211,3
2716,7214,42
2717,7215,6
2718,7216,6
2719,7227,3
2720,7309,3
2721,7319,18
2722,7322,9
2723,7334,3
2724,7341,18
2725,7345,24
2726,7347,9
2727,7352,12
2728,7353,30
2729,7364,6
2730,7366,3
2731,7370,3
2732,7376,9
2733,7380,9
2734,7389,3
2735,7390,3
2736,7399,3
2737,7406,15
2738,7413,24
2739,7416,24
2740,7423,12
2741,7436,60
2742,7464,27
2743,7475,42
2744,7477,21
2745,7478,63
2746,7480,126
2747,7482,6
2748,7492,6
2749,7494,24
2750,7496,3
2751,7497,75
2752,7499,27
2753,7501,33
2754,7505,9
2755,7659,3
2756,8480,9
2757,9237,33
2758,9888,42
2759,10748,141
2760,11000,12
2761,11610,12
2762,12118,63
2763,12291,153
2764,12340,150
2765,13225,6
2766,13261,15
2767,13647,6
2768,13663,18
2769,13701,12
2770,13733,9
2771,13741,57
2772,13801,18
2773,13832,3
2774,13857,27
2775,13863,6
2776,13876,9
2777,13887,9
2778,13904,9
2779,13970,12
2780,13974,3
2781,14071,6
2782,14195,15
2783,14401,9
2784,14432,3
2785,14535,3
2786,14570,21
2787,14613,33
2788,14776,3
2789,14790,6
2790,14806,27
2791,14807,12
2792,14820,6
2793,14824,3
2794,14861,12
2795,14896,12
2796,14954,6
2797,14996,3
2798,15015,6
2799,15022,3
2800,15032,9
2801,15074,15
2802,15088,36
2803,15093,9
2804,15103,30
2805,15252,18
2806,15253,66
2807,15257,24
2808,15261,39
2809,15263,6
2810,15269,21
2811,15271,36
2812,15276,24
2813,15278,36
2814,15282,30
2815,15284,18
2816,15285,36
2817,15286,6
2818,15287,36
2819,15289,15
2820,15290,63
2821,15291,9
2822,15293,27
2823,15295,33
2824,15296,96
2825,15297,36
2826,15300,12
2827,15304,3
2828,15306,141
2829,15308,99
2830,15309,9
2831,15310,30
2832,15311,9
2833,15312,12
2834,15314,18
2835,15316,3
2836,15320,15
2837,15323,6
2838,15325,48
2839,15326,15
2840,15327,9
2841,15328,33
2842,15329,12
2843,15330,9
2844,15331,15
2845,15334,15
2846,15335,12
2847,15337,12
2848,15339,12
2849,15341,9
2850,15343,3
2851,15344,6
2852,15346,6
2853,15347,27
2854,15348,9
2855,15349,21
2856,15350,33
2857,15352,3
2858,15354,3
2859,15355,6
2860,15356,39
2861,15357,21
2862,15358,57
2863,15359,15
2864,15360,12
2865,15361,27
2866,15363,12
2867,15364,12
2868,15370,9
2869,15371,12
2870,15372,3
2871,15375,6
2872,15376,3
2873,15380,96
2874,15381,6
2875,15382,18
2876,15383,3
2877,15384,6
2878,15385,90
2879,15389,12
2880,15392,12
2881,15393,6
2882,15394,3
2883,15395,12
2884,15396,9
2885,15398,6
2886,15400,18
2887,15402,3
2888,15403,3
2889,15406,66
2890,15407,9
2891,15408,6
2892,15409,6
2893,15410,6
2894,15411,3
2895,15412,3
2896,15413,3
2897,15415,33
2898,15416,3
2899,15417,18
2900,15421,3
2901,15422,3
2902,15423,24
2903,15424,6
2904,15425,9
2905,15426,15
2906,15428,6
2907,15429,12
2908,15430,24
2909,15431,15
2910,15432,18
2911,15433,24
2912,15434,33
2913,15435,3
2914,15436,15
2915,15437,18
2916,15438,3
2917,15440,9
2918,15441,18
2919,15442,18
2920,15443,6
2921,15444,3
2922,15445,9
2923,15447,48
2924,15449,6
2925,15450,3
2926,15451,6
2927,15453,6
2928,15455,15
2929,15456,18
2930,15457,12
2931,15459,3
2932,15461,12
2933,15463,54
2934,15465,6
2935,15467,36
2936,15470,3
2937,15472,6
2938,15473,3
2939,15474,12
2940,15475,3
2941,15477,9
2942,15478,9
2943,15479,9
2944,15480,69
2945,15481,6
2946,15482,3
2947,15483,6
2948,15484,21
2949,18813,1
2950,15486,27
2951,15487,18
2952,15490,3
2953,15492,24
2954,15493,9
2955,15495,33
2956,15498,9
2957,15500,12
2958,15502,3
2959,15504,21
2960,15508,3
2961,15509,3
2962,15510,6
2963,15511,6
2964,15513,6
2965,15514,9
2966,15515,18
2967,15516,9
2968,15518,15
2969,15519,15
2970,15521,21
2971,15522,6
2972,15523,12
2973,15524,36
2974,15525,18
2975,15526,12
2976,15527,15
2977,15529,9
2978,15530,3
2979,15531,9
2980,15532,48
2981,15535,24
2982,15536,12
2983,15537,36
2984,15539,27
2985,15540,75
2986,15541,30
2987,15542,6
2988,15543,12
2989,15544,3
2990,15545,84
2991,15546,27
2992,15549,9
2993,15550,15
2994,15551,6
2995,15553,9
2996,15555,9
2997,15556,3
2998,15557,24
2999,15560,6
3000,15562,6
3001,15563,3
3002,15565,12
3003,15566,9
3004,15568,3
3005,15569,3
3006,15570,15
3007,15571,12
3008,15576,6
3009,15577,18
3010,15579,3
3011,15580,9
3012,15582,6
3013,15583,21
3014,15584,6
3015,15585,3
3016,15586,42
3017,15590,6
3018,15591,6
3019,15592,9
3020,15593,12
3021,15594,6
3022,15595,6
3023,15596,3
3024,15597,3
3025,15598,6
3026,15599,6
3027,15600,6
3028,15613,15
3029,15617,12
3030,15618,6
3031,15619,9
3032,15620,3
3033,15622,3
3034,15625,18
3035,15627,6
3036,15628,3
3037,15629,6
3038,15630,3
3039,15631,18
3040,15632,3
3041,15633,9
3042,15634,3
3043,15635,6
3044,15636,3
3045,15643,3
3046,15647,6
3047,15648,18
3048,15649,18
3049,15650,18
3050,15651,24
3051,15654,45
3052,15655,3
3053,15656,6
3054,15657,6
3055,15658,18
3056,15659,3
3057,15660,3
3058,15661,9
3059,15663,27
3060,15664,15
3061,15665,3
3062,15666,3
3063,15667,36
3064,15668,24
3065,15673,12
3066,15675,3
3067,15676,6
3068,15677,9
3069,15678,9
3070,15679,6
3071,15680,3
3072,15682,3
3073,15683,12
3074,15684,12
3075,15701,6
3076,15703,57
3077,15733,3
3078,15788,12
3079,15789,24
3080,15792,3
3081,15821,24
3082,15842,39
3083,15846,102
3084,15872,15
3085,15907,24
3086,15931,18
3087,15940,6
3088,15953,177
3089,15981,18
3090,15990,60
3091,16045,3
3092,16117,24
3093,16133,18
3094,16140,9
3095,16161,21
3096,16171,18
3097,16217,12
3098,16282,42
3099,16313,3
3100,16384,6
3101,16386,12
3102,16483,30
3103,16577,111
3104,16599,18
3105,16603,21
3106,16611,6
3107,16664,6
3108,16674,30
3109,16706,6
3110,16711,15
3111,16720,3
3112,16723,12
3113,16743,18
3114,16771,3
3115,16777,9
3116,16816,3
3117,16842,6
3118,16949,9
3119,17004,12
3120,17005,21
3121,17013,6
3122,17014,9
3123,17033,6
3124,17096,3
3125,17119,3
3126,17124,3
3127,17143,6
3128,17144,3
3129,17153,3
3130,17169,9
3131,17237,3
3132,17238,18
3133,17253,6
3134,17256,3
3135,17257,6
3136,17264,3
3137,17266,3
3138,17268,3
3139,17270,3
3140,17272,6
3141,17273,3
3142,17551,12
3143,17552,3
3144,17556,3
3145,17566,3
3146,17575,3
3147,17576,18
3148,17577,3
3149,17584,15
3150,17591,30
3151,17619,6
3152,17621,21
3153,17622,15
3154,17626,3
3155,17643,6
3156,17647,33
3157,17668,12
3158,17699,9
3159,17751,6
3160,17776,147
3161,17777,12
3162,17783,3
3163,17787,3
3164,17788,3
3165,17789,18
3166,17790,18
3167,17791,6
3168,17792,6
3169,17793,9
3170,17794,3
3171,17796,12
3172,17797,3
3173,17798,6
3174,17799,27
3175,17800,3
3176,17801,3
3177,17802,24
3178,17803,9
3179,17804,3
3180,17805,3
3181,17806,30
3182,17807,6
3183,17808,18
3184,17809,6
3185,17810,3
3186,17811,12
3187,17812,3
3188,17814,63
3189,17815,3
3190,17816,3
3191,17817,30
3192,17818,3
3193,17819,9
3194,17820,6
3195,17821,3
3196,17822,3
3197,17823,6
3198,17824,6
3199,17825,6
3200,17826,6
3201,17827,3
3202,17828,3
3203,17829,3
3204,17830,6
3205,17831,3
3206,17832,3
3207,17833,24
3208,17834,6
3209,17835,3
3210,17836,3
3211,17837,15
3212,17838,9
3213,17839,3
3214,17840,18
3215,17841,6
3216,17842,27
3217,17843,3
3218,17844,9
3219,17845,3
3220,17846,6
3221,17848,6
3222,17849,3
3223,17850,6
3224,17851,6
3225,17852,6
3226,17853,3
3227,17854,3
3228,17855,3
3229,17856,9
3230,17858,3
3231,17859,3
3232,17860,6
3233,17861,6
3234,17862,3
3235,17863,6
3236,17864,9
3237,17865,3
3238,17866,6
3239,17867,6
3240,17868,3
3241,17869,3
3242,17870,3
3243,17871,9
3244,17872,6
3245,17873,6
3246,17874,9
3247,17875,3
3248,17876,6
3249,17877,3
3250,17878,6
3251,17879,3
3252,17880,6
3253,17881,3
3254,17882,9
3255,17883,6
3256,17884,15
3257,17885,6
3258,17886,6
3259,17887,9
3260,17888,9
3261,17889,3
3262,17890,18
3263,17891,9
3264,17892,3
3265,17893,12
3266,17894,15
3267,17895,6
3268,17896,6
3269,17897,6
3270,17898,9
3271,17899,6
3272,17900,9
3273,17901,9
3274,17902,12
3275,17903,18
3276,17904,6
3277,17905,6
3278,17906,6
3279,17907,3
3280,17908,3
3281,17909,3
3282,17910,3
3283,17911,3
3284,17912,3
3285,17913,3
3286,17914,6
3287,17915,6
3288,17916,3
3289,17917,3
3290,17919,9
3291,17920,6
3292,17921,87
3293,17922,6
3294,17923,3
3295,17924,57
3296,17925,6
3297,17926,3
3298,17927,6
3299,17928,3
3300,17929,6
3301,17930,12
3302,17934,69
3303,17935,3
3304,17936,12
3305,17937,12
3306,17938,6
3307,17939,9
3308,17940,9
3309,17941,18
3310,17942,3
3311,17943,6
3312,17944,6
3313,17946,93
3314,17947,12
3315,17948,6
3316,17949,24
3317,17950,3
3318,17951,3
3319,17952,6
3320,17953,21
3321,17954,3
3322,17955,6
3323,17956,3
3324,17957,12
3325,17958,6
3326,17959,6
3327,17960,3
3328,17961,18
3329,17962,6
3330,17963,12
3331,17964,6
3332,17965,3
3333,17966,18
3334,17967,6
3335,17968,6
3336,17969,12
3337,17970,6
3338,17971,24
3339,17972,3
3340,17973,6
3341,17974,3
3342,17975,3
3343,17976,3
3344,17977,6
3345,17978,6
3346,17979,3
3347,17980,9
3348,17981,3
3349,17982,3
3350,17983,6
3351,17984,3
3352,17985,3
3353,17986,3
3354,17987,3
3355,17988,6
3356,17989,3
3357,17990,6
3358,17991,3
3359,17992,12
3360,17993,12
3361,17994,3
3362,17995,6
3363,17996,6
3364,17997,6
3365,17998,3
3366,17999,3
3367,18000,3
3368,18001,3
3369,18002,3
3370,18003,6
3371,18004,3
3372,18005,3
3373,18006,6
3374,18007,24
3375,18008,6
3376,18009,6
3377,18010,12
3378,18011,18
3379,18012,39
3380,18013,18
3381,18014,9
3382,18015,18
3383,18016,3
3384,18017,12
3385,18018,3
3386,18019,3
3387,18020,3
3388,18021,3
3389,18022,3
3390,18023,3
3391,18024,3
3392,18025,9
3393,18026,3
3394,18027,6
3395,18028,3
3396,18029,3
3397,18030,3
3398,18031,3
3399,18032,3
3400,18035,27
3401,18037,3
3402,18062,3
3403,18079,3
3404,18106,183
3405,18136,3
3406,18230,3
3407,18237,3
3408,18388,3
3409,18389,3
3410,18390,6
3411,18391,3
3412,18392,3
3413,18393,3
3414,18394,3
3415,18395,3
3416,18396,3
3417,18397,3
3418,18398,9
3419,18399,3
3420,18400,3
3421,18401,3
3422,18457,258
3423,18474,3
3424,18539,3
3425,18540,3
3426,18541,3
3427,18542,3
3428,18543,3
3429,18545,162
3430,18619,3
3431,18620,3
3432,18621,3
3433,18622,6
3434,18728,1
3435,18729,1
3436,18730,1
3437,18731,1
3438,18732,1
3439,18733,1
3440,18734,1
3441,18735,1
3442,18736,1
3443,18737,1
3444,18738,1
3445,18739,1
3446,18740,1
3447,18741,1
3448,18742,1
3449,18743,1
3450,18744,1
3451,18745,1
3452,18746,1
3453,18747,1
3454,18748,1
3455,18749,1
3456,18750,1
3457,18751,1
3458,18752,1
3459,18753,1
3460,18754,1
3461,18755,1
3462,18756,1
3463,18757,1
3464,18758,1
3465,18759,1
3466,18760,1
3467,18761,1
3468,18762,1
3469,18763,1
3470,18764,1
3471,18765,1
3472,18766,1
3473,18767,1
3474,18768,1
3475,18769,1
3476,18770,1
3477,18771,1
3478,18772,1
3479,18773,1
3480,18774,1
3481,18775,1
3482,18776,1
3483,18777,1
3484,18778,1
3485,18779,1
3486,18780,1
3487,18781,1
3488,18782,1
3489,18783,1
3490,18784,1
3491,18785,1
3492,18786,1
3493,18787,1
3494,18788,1
3495,18789,1
3496,18790,1
3497,18791,1
3498,18792,1
3499,18793,1
3500,18794,1
3501,18795,1
3502,18796,1
3503,18797,1
3504,18798,1
3505,18799,1
3506,18800,1
3507,18801,1
3508,18802,1
3509,18803,1
3510,18804,1
3511,18805,1
3512,18806,1
3513,18814,1
3514,18815,1
3515,18816,1
3516,18817,1
3517,18818,1
3518,18819,1
3519,18820,1
3520,18821,1
3521,18822,1
3522,18823,1
3523,18825,1
3524,18826,1
3525,18828,1
3526,18830,1
3527,18832,1
3528,18833,1
3529,18834,1
3530,18835,1
3531,18836,1
3532,18837,1
3533,18838,1
3534,18839,1
3535,18840,1
3536,18841,1
3537,18842,1
3538,18843,1
3539,18844,1
3540,18845,1
3541,18846,1
3542,18847,1
3543,18848,1
3544,18849,1
3545,18850,1
3546,18851,1
3547,18852,1
3548,18853,1
3549,18854,1
3550,18855,1
3551,18856,1
3552,18857,1
3553,18858,1
3554,18859,1
3555,18860,1
3556,18861,1
3557,18862,1
3558,18863,1
3559,18864,1
3560,18865,1
3561,18866,1
3562,18867,1
3563,18868,1
3564,18869,1
3565,18870,1
3566,18871,1
3567,18872,1
3568,18873,1
3569,18874,1
3570,18875,1
3571,18876,1
3572,18877,1
3573,18878,1
3574,18879,1
3575,18880,1
3576,18881,1
3577,18882,1
3578,18883,1
3579,18884,1
3580,18885,1
3581,18886,1
3582,18887,1
3583,18888,1
3584,18889,1
3585,18890,1
3586,18891,1
3587,18892,1
3588,18893,1
3589,18894,1
3590,18895,1
3591,18896,1
3592,18897,1
3593,18898,1
3594,18899,1
3595,18900,1
3596,18901,1
3597,18902,1
3598,18903,1
3599,18904,1
3600,18905,1
3601,18906,1
3602,18907,1
3603,18908,1
3604,18909,1
3605,18910,1
3606,18911,1
3607,18912,1
3608,18913,1
3609,18914,1
3610,18915,1
3611,18916,1
3612,18917,1
3613,18918,1
3614,18919,1
3615,18921,1
3616,18923,1
3617,18924,1
3618,18926,1
3619,18927,1
3620,18929,1
3621,18931,1
3622,18933,1
3623,18936,1
3624,18938,1
3625,18939,1
3626,18941,1
3627,18943,1
3628,18944,1
3629,18945,1
3630,18946,1
3631,18947,1
3632,18948,1
3633,18949,1
3634,18950,1
3635,18951,1
3636,18952,1
3637,18953,1
3638,18954,1
3639,18955,1
3640,18956,1
3641,18957,1
3642,18958,1
3643,18959,1
3644,18960,1
3645,18961,1
3646,18962,1
3647,18963,1
3648,18964,1
3649,18965,1
3650,18966,1
3651,18967,1
3652,18968,1
3653,18969,1
3654,18970,1
3655,18971,1
3656,18972,1
3657,18973,1
3658,18974,1
3659,18975,1
3660,18976,1
3661,18977,1
3662,18978,1
3663,18979,1
3664,18980,1
3665,18981,1
3666,18982,1
3667,18983,1
3668,18984,1
3669,18985,1
3670,18986,1
3671,18987,1
3672,18988,1
3673,18989,1
3674,18990,1
3675,18991,1
3676,18992,1
3677,18993,1
3678,18994,1
3679,18995,1
3680,18996,1
3681,18997,1
3682,18998,1
3683,18999,1
3684,19000,1
3685,19001,1
3686,19002,1
3687,19003,1
3688,19004,1
3689,19005,1
3690,19006,1
3691,19007,1
3692,19008,1
3693,19009,1
3694,19010,1
3695,19011,1
3696,19012,1
3697,19013,1
3698,19014,1
3699,19015,1
3700,19016,1
3701,19017,1
3702,19018,1
3703,19019,1
3704,19020,1
3705,19021,1
3706,19022,1
3707,19023,1
3708,19024,1
3709,19025,1
3710,19026,1
3711,19027,1
3712,19028,1
3713,19029,1
3714,19030,1
3715,19031,1
3716,19032,1
3717,19033,1
3718,19035,1
3719,19037,1
3720,19039,1
3721,19040,1
3722,19043,1
3723,19044,1
3724,19046,1
3725,19048,1
3726,19050,1
3727,19052,1
3728,19053,1
3729,19054,1
3730,19055,1
3731,19056,1
3732,19057,1
3733,19058,1
3734,19059,1
3735,19060,1
3736,19061,1
3737,19062,1
3738,19063,1
3739,19064,1
3740,19065,1
3741,19066,1
3742,19067,1
3743,19068,1
3744,19069,1
3745,19070,1
3746,19071,1
