tag_id,property_id,created_at,updated_at,deleted_at,created_by,deleted_by
55,1608,"2016-11-14 21:27:36","2016-11-14 21:27:36",,11,
64,4135,"2016-11-14 21:33:36","2016-11-14 21:33:36",,11,
64,17272,"2016-11-14 21:36:29","2016-11-14 21:36:29",,11,
67,1238,"2016-11-14 21:40:33","2016-11-14 21:40:33",,11,
52,18106,"2016-11-14 20:48:27","2016-11-14 20:48:27",,11,
64,688,"2016-11-14 20:56:05","2016-11-14 20:56:05",,11,
58,1423,"2016-11-14 21:01:48","2016-11-14 21:01:48",,11,
59,15631,"2016-10-26 21:03:08","2016-10-26 21:03:08","2016-11-14 21:12:17",11,11
59,1755,"2016-11-14 21:43:11","2016-11-14 21:43:11",,11,
13,2124,"2016-07-21 02:31:24","2016-07-21 02:31:24",,11,
11,7833,"2016-07-20 17:51:37","2016-07-20 17:51:37",,11,
11,863,"2016-07-20 17:54:34","2016-07-20 17:54:34",,11,
11,2138,"2016-07-20 17:55:13","2016-07-20 17:55:13",,11,
11,2412,"2016-07-20 17:56:02","2016-07-20 17:56:02",,11,
11,13261,"2016-07-20 17:59:15","2016-07-20 17:59:15",,11,
11,7501,"2016-07-20 18:00:05","2016-07-20 18:00:05",,11,
59,15631,"2016-10-26 21:01:57","2016-10-26 21:01:57","2016-11-14 21:12:17",11,11
52,5313,"2016-11-14 21:13:16","2016-11-14 21:13:16",,11,
64,1232,"2016-08-03 14:13:02","2016-08-03 14:13:02",,11,
64,133,"2016-08-03 14:15:31","2016-08-03 14:15:31",,11,
13,5310,"2016-07-21 02:28:04","2016-07-21 02:28:04",,11,
64,7497,"2016-08-03 14:18:28","2016-08-03 14:18:28",,11,
64,2077,"2016-08-03 14:20:01","2016-08-03 14:20:01",,11,
62,1228,"2016-11-14 21:00:56","2016-11-14 21:00:56","2016-12-06 17:31:27",11,11
64,588,"2016-08-03 14:22:41","2016-08-03 14:22:41",,11,
64,2081,"2016-08-03 14:25:24","2016-08-03 14:25:24",,11,
64,7,"2016-08-03 14:29:04","2016-08-03 14:29:04",,11,
13,1422,"2016-07-21 02:50:23","2016-07-21 02:50:23",,11,
13,1505,"2016-07-21 02:51:47","2016-07-21 02:51:47",,11,
64,16090,"2016-08-03 14:34:31","2016-08-03 14:34:31",,11,
64,6780,"2016-08-03 14:38:57","2016-08-03 14:38:57",,11,
70,1228,"2016-12-06 17:33:08","2016-12-06 17:33:08",,11,
64,6783,"2016-08-03 14:40:18","2016-08-03 14:40:18",,11,
64,1341,"2016-08-03 14:43:14","2016-08-03 14:43:14",,11,
64,5313,"2016-08-03 14:45:06","2016-08-03 14:45:06",,11,
64,4644,"2016-08-03 14:47:53","2016-08-03 14:47:53",,11,
16,7482,"2016-08-03 14:08:00","2016-08-03 14:08:00","2016-08-03 14:09:23",11,11
16,7482,"2016-08-03 14:08:09","2016-08-03 14:08:09","2016-08-03 14:09:23",11,11
64,329,"2016-08-03 14:49:24","2016-08-03 14:49:24",,11,
73,22094,"2017-01-20 15:01:52","2017-01-20 15:01:52","2017-01-20 15:04:40",11,11
11,4475,"2016-08-04 14:20:42","2016-08-04 14:20:42","2016-10-17 19:55:40",11,11
16,2081,"2016-08-03 14:24:44","2016-08-03 14:24:44",,11,
64,978,"2016-08-03 14:54:15","2016-08-03 14:54:15",,11,
20,6783,"2016-08-03 14:40:49","2016-08-03 14:40:49","2016-08-03 14:41:32",11,11
20,6783,"2016-08-03 14:41:15","2016-08-03 14:41:15",,11,
20,6780,"2016-08-03 14:41:46","2016-08-03 14:41:46",,11,
20,1341,"2016-08-03 14:43:19","2016-08-03 14:43:19",,11,
20,5313,"2016-08-03 14:45:54","2016-08-03 14:45:54",,11,
20,329,"2016-08-03 14:49:28","2016-08-03 14:49:28",,11,
11,10747,"2016-07-20 17:58:26","2016-07-20 17:58:26","2016-09-14 17:31:21",11,11
23,16090,"2016-08-03 14:52:17","2016-08-03 14:52:17",,11,
20,978,"2016-08-03 14:54:20","2016-08-03 14:54:20",,11,
20,1321,"2016-08-03 14:56:11","2016-08-03 14:56:11",,11,
16,1933,"2016-08-03 14:58:06","2016-08-03 14:58:06",,11,
20,3291,"2016-08-03 14:58:45","2016-08-03 14:58:45",,11,
16,3291,"2016-08-03 14:59:32","2016-08-03 14:59:32",,11,
20,1211,"2016-08-03 15:01:51","2016-08-03 15:01:51",,11,
16,1211,"2016-08-03 15:01:55","2016-08-03 15:01:55",,11,
20,1451,"2016-08-03 15:46:00","2016-08-03 15:46:00",,11,
16,1856,"2016-08-03 15:47:41","2016-08-03 15:47:41",,11,
20,1856,"2016-08-03 15:47:48","2016-08-03 15:47:48",,11,
16,2019,"2016-08-03 15:49:37","2016-08-03 15:49:37",,11,
20,2019,"2016-08-03 15:49:41","2016-08-03 15:49:41",,11,
20,6775,"2016-08-03 15:51:08","2016-08-03 15:51:08",,11,
64,1321,"2016-08-03 14:56:15","2016-08-03 14:56:15",,11,
19,11610,"2016-08-04 14:02:20","2016-08-04 14:02:20",,11,
11,2963,"2016-08-04 14:06:34","2016-08-04 14:06:34",,11,
23,16090,"2016-08-03 14:52:03","2016-08-03 14:52:03","2016-08-03 14:52:37",11,11
23,17547,"2016-08-04 14:15:03","2016-08-04 14:15:03",,11,
11,17547,"2016-08-04 14:15:08","2016-08-04 14:15:08",,11,
11,1391,"2016-08-04 14:21:55","2016-08-04 14:21:55",,11,
20,1391,"2016-08-04 14:21:59","2016-08-04 14:21:59",,11,
11,1195,"2016-08-04 14:23:13","2016-08-04 14:23:13",,11,
20,1195,"2016-08-04 14:23:17","2016-08-04 14:23:17",,11,
11,17548,"2016-08-04 14:33:50","2016-08-04 14:33:50",,11,
11,1575,"2016-08-04 14:38:54","2016-08-04 14:38:54",,11,
11,2591,"2016-08-04 14:39:53","2016-08-04 14:39:53",,11,
11,17174,"2016-08-04 14:42:09","2016-08-04 14:42:09",,11,
11,7842,"2016-08-04 14:45:37","2016-08-04 14:45:37",,11,
11,15906,"2016-08-04 14:47:31","2016-08-04 14:47:31",,11,
20,15906,"2016-08-04 14:47:34","2016-08-04 14:47:34",,11,
11,1282,"2016-08-04 14:53:33","2016-08-04 14:53:33",,11,
11,10748,"2016-07-20 17:56:54","2016-07-20 17:56:54","2016-09-14 17:30:38",11,11
13,16799,"2016-07-21 03:01:04","2016-07-21 03:01:04",,11,
23,16172,"2016-08-04 14:24:46","2016-08-04 14:24:46",,11,
11,7659,"2016-07-20 17:50:43","2016-07-20 17:50:43",,11,
20,7659,"2016-08-04 13:56:52","2016-08-04 13:56:52",,11,
20,10064,"2016-08-04 14:17:44","2016-08-04 14:17:44","2016-10-19 13:50:26",11,11
11,15297,"2016-08-04 14:44:37","2016-08-04 14:44:37",,11,
23,2138,"2016-08-04 14:04:01","2016-08-04 14:04:01","2016-10-12 17:26:54",11,11
11,18062,"2016-07-20 17:53:32","2016-07-20 17:53:32",,11,
11,10064,"2016-07-20 17:50:06","2016-07-20 17:50:06","2016-10-19 13:50:31",11,11
20,13261,"2016-08-04 14:13:12","2016-08-04 14:13:12","2016-10-19 13:55:22",11,11
19,15846,"2016-08-03 14:30:36","2016-08-03 14:30:36","2016-10-26 21:05:21",11,11
20,18035,"2016-08-03 15:52:12","2016-08-03 15:52:12","2016-10-26 21:18:58",11,11
65,1575,"2016-11-14 21:28:02","2016-11-14 21:28:02",,11,
11,2158,"2016-08-04 14:56:23","2016-08-04 14:56:23",,11,
11,9907,"2016-08-04 14:58:11","2016-08-04 14:58:11",,11,
23,9907,"2016-08-04 14:58:16","2016-08-04 14:58:16",,11,
65,4623,"2016-11-14 21:34:24","2016-11-14 21:34:24",,11,
64,762,"2016-11-14 21:37:05","2016-11-14 21:37:05",,11,
64,4228,"2016-11-14 21:42:18","2016-11-14 21:42:18",,11,
59,134,"2016-11-16 15:16:48","2016-11-16 15:16:48",,11,
11,5284,"2016-08-04 15:12:07","2016-08-04 15:12:07",,11,
20,18457,"2016-09-14 16:10:51","2016-09-14 16:10:51",,11,
11,18106,"2016-08-04 15:01:28","2016-08-04 15:01:28",,11,
38,15990,"2016-09-14 16:17:19","2016-09-14 16:17:19",,11,
11,2640,"2016-08-04 15:18:13","2016-08-04 15:18:13",,11,
20,15990,"2016-09-14 16:17:02","2016-09-14 16:17:02",,11,
43,15990,"2016-09-14 16:16:12","2016-09-14 16:16:12","2016-12-06 15:16:40",11,11
41,18060,"2016-09-12 16:23:07","2016-09-12 16:23:07",,11,
59,806,"2016-12-06 21:41:18","2016-12-06 21:41:18",,11,
41,17553,"2016-09-12 16:42:49","2016-09-12 16:42:49",,11,
20,2311,"2016-08-09 19:21:00","2016-08-09 19:21:00",,11,
29,7843,"2016-09-07 19:01:58","2016-09-07 19:01:58",,11,
20,18106,"2016-08-04 15:01:32","2016-08-04 15:01:32",,11,
11,15660,"2016-08-04 15:13:46","2016-08-04 15:13:46","2016-09-14 17:59:51",11,11
31,2138,"2016-09-07 19:27:07","2016-09-07 19:27:07",,11,
29,2963,"2016-09-07 19:28:12","2016-09-07 19:28:12",,11,
74,22094,"2017-01-20 15:02:06","2017-01-20 15:02:06",,11,
31,13261,"2016-09-07 19:34:53","2016-09-07 19:34:53",,11,
43,18106,"2016-09-14 16:00:56","2016-09-14 16:00:56",,11,
33,17548,"2016-09-07 19:44:25","2016-09-07 19:44:25",,11,
29,16914,"2016-09-07 19:45:30","2016-09-07 19:45:30",,11,
62,2112,"2016-11-14 20:55:05","2016-11-14 20:55:05",,11,
43,836,"2016-09-14 15:53:47","2016-09-14 15:53:47","2016-10-12 18:11:26",11,11
64,2112,"2016-11-14 20:56:28","2016-11-14 20:56:28",,11,
20,64,"2016-08-04 15:00:06","2016-08-04 15:00:06","2016-09-14 13:55:39",11,11
20,2276,"2016-08-04 15:09:56","2016-08-04 15:09:56","2016-09-14 14:06:39",11,11
29,64,"2016-09-07 20:03:56","2016-09-07 20:03:56",,11,
64,1228,"2016-11-14 21:01:01","2016-11-14 21:01:01",,11,
29,15660,"2016-09-07 20:04:53","2016-09-07 20:04:53",,11,
29,16242,"2016-09-07 20:07:39","2016-09-07 20:07:39",,11,
29,9939,"2016-09-07 20:09:14","2016-09-07 20:09:14",,11,
29,2276,"2016-09-07 20:10:52","2016-09-07 20:10:52",,11,
29,7603,"2016-09-07 20:12:06","2016-09-07 20:12:06",,11,
64,18545,"2016-11-14 21:04:23","2016-11-14 21:04:23",,11,
64,15631,"2016-11-14 21:11:31","2016-11-14 21:11:31",,11,
29,10064,"2016-09-07 19:04:57","2016-09-07 19:04:57","2016-09-07 20:48:30",11,11
64,3291,"2016-08-03 14:58:42","2016-08-03 14:58:42",,11,
64,1211,"2016-08-03 15:01:47","2016-08-03 15:01:47",,11,
20,186,"2016-09-07 20:50:11","2016-09-07 20:50:11",,11,
64,1451,"2016-08-03 15:45:52","2016-08-03 15:45:52",,11,
11,9888,"2016-09-07 20:52:32","2016-09-07 20:52:32",,11,
64,1856,"2016-08-03 15:47:45","2016-08-03 15:47:45",,11,
20,16242,"2016-08-04 15:04:11","2016-08-04 15:04:11","2016-09-14 15:28:26",11,11
20,7197,"2016-09-07 20:53:48","2016-09-07 20:53:48",,11,
64,2019,"2016-08-03 15:49:45","2016-08-03 15:49:45",,11,
29,10064,"2016-09-08 16:17:04","2016-09-08 16:17:04","2016-09-08 16:19:14",11,11
20,836,"2016-09-14 15:54:53","2016-09-14 15:54:53","2016-10-26 21:47:07",11,11
11,64,"2016-08-04 14:59:17","2016-08-04 14:59:17","2016-09-14 17:59:17",11,11
11,16242,"2016-08-04 15:03:58","2016-08-04 15:03:58","2016-09-14 18:00:31",11,11
11,2276,"2016-08-04 15:09:52","2016-08-04 15:09:52","2016-09-14 18:00:49",11,11
11,7603,"2016-08-04 15:10:53","2016-08-04 15:10:53","2016-09-14 18:01:17",11,11
29,7659,"2016-09-07 19:18:41","2016-09-07 19:18:41","2016-09-07 20:49:27",11,11
31,9907,"2016-09-14 17:30:44","2016-09-14 17:30:44",,11,
48,15260,"2016-09-14 17:46:00","2016-09-14 17:46:00",,11,
64,6775,"2016-08-03 15:51:11","2016-08-03 15:51:11",,11,
64,2976,"2016-08-03 15:53:22","2016-08-03 15:53:22",,11,
64,184,"2016-08-03 14:16:34","2016-08-03 14:16:34","2016-10-12 18:56:20",11,11
41,16333,"2016-09-12 16:18:08","2016-09-12 16:18:08",,11,
41,16332,"2016-09-12 16:22:05","2016-09-12 16:22:05",,11,
41,17550,"2016-09-12 16:28:05","2016-09-12 16:28:05",,11,
41,16779,"2016-09-12 16:30:14","2016-09-12 16:30:14",,11,
41,17551,"2016-09-12 16:34:32","2016-09-12 16:34:32",,11,
41,17552,"2016-09-12 16:40:37","2016-09-12 16:40:37",,11,
20,7603,"2016-08-04 15:11:09","2016-08-04 15:11:09","2016-09-14 15:33:25",11,11
20,9939,"2016-09-07 20:08:51","2016-09-07 20:08:51","2016-09-14 15:34:41",11,11
64,18035,"2016-08-03 15:52:09","2016-08-03 15:52:09",,11,
20,2158,"2016-08-04 14:56:19","2016-08-04 14:56:19","2016-10-19 13:39:49",11,11
43,10669,"2016-09-14 15:52:28","2016-09-14 15:52:28","2016-09-14 15:54:59",11,11
43,2717,"2016-09-14 16:04:17","2016-09-14 16:04:17",,11,
43,35,"2016-09-14 16:14:12","2016-09-14 16:14:12",,11,
43,2970,"2016-09-14 16:19:22","2016-09-14 16:19:22",,11,
43,7480,"2016-09-14 16:23:49","2016-09-14 16:23:49",,11,
20,2894,"2016-08-04 15:16:30","2016-08-04 15:16:30","2016-09-14 17:06:43",11,11
11,7843,"2016-09-07 19:01:54","2016-09-07 19:01:54","2016-09-14 17:25:12",11,11
11,16799,"2016-08-04 15:22:06","2016-08-04 15:22:06",,11,
20,16799,"2016-08-04 15:22:58","2016-08-04 15:22:58",,11,
31,16172,"2016-09-07 19:51:56","2016-09-07 19:51:56",,11,
11,16172,"2016-09-14 17:54:50","2016-09-14 17:54:50",,11,
11,35,"2016-09-14 18:00:56","2016-09-14 18:00:56",,11,
20,10205,"2016-08-04 15:15:11","2016-08-04 15:15:11",,11,
11,10205,"2016-08-04 15:20:16","2016-08-04 15:20:16",,11,
11,186,"2016-09-14 18:06:34","2016-09-14 18:06:34",,11,
20,3081,"2016-09-14 16:20:29","2016-09-14 16:20:29",,11,
20,4475,"2016-09-14 17:47:32","2016-09-14 17:47:32","2016-10-17 17:52:05",11,11
23,2138,"2016-09-07 19:26:52","2016-09-07 19:26:52","2016-10-12 17:26:54",11,11
52,840,"2016-09-14 16:15:25","2016-09-14 16:15:25",,11,
20,2970,"2016-09-14 16:19:30","2016-09-14 16:19:30","2016-10-17 17:51:13",11,11
29,18062,"2016-09-07 19:20:38","2016-09-07 19:20:38",,11,
11,5096,"2016-09-07 20:51:03","2016-09-07 20:51:03","2016-10-19 13:43:45",11,11
20,9907,"2016-08-04 14:58:21","2016-08-04 14:58:21","2016-10-19 13:50:05",11,11
20,16914,"2016-09-07 19:45:56","2016-09-07 19:45:56","2016-10-26 18:54:44",11,11
11,16914,"2016-09-07 19:45:25","2016-09-07 19:45:25","2016-10-26 18:54:47",11,11
20,2970,"2016-09-14 17:47:54","2016-09-14 17:47:54","2016-10-17 17:51:11",11,11
11,7197,"2016-09-14 18:09:03","2016-09-14 18:09:03",,11,
62,688,"2016-11-14 20:55:50","2016-11-14 20:55:50",,11,
11,840,"2016-09-14 16:15:08","2016-09-14 16:15:08",,11,
11,2894,"2016-09-14 17:05:13","2016-09-14 17:05:13",,11,
11,11610,"2016-09-14 17:25:39","2016-09-14 17:25:39",,11,
11,10747,"2016-09-14 17:29:50","2016-09-14 17:29:50",,11,
20,863,"2016-09-14 16:29:11","2016-09-14 16:29:11",,11,
20,7833,"2016-09-14 18:05:44","2016-09-14 18:05:44",,11,
31,6592,"2016-09-26 18:27:24","2016-09-26 18:27:24",,11,
55,9237,"2016-10-24 19:27:04","2016-10-24 19:27:04","2016-11-14 21:30:04",11,11
43,840,"2016-10-03 14:45:36","2016-10-03 14:45:36",,11,
65,9237,"2016-11-14 21:29:18","2016-11-14 21:29:18",,11,
55,4623,"2016-10-24 19:23:50","2016-10-24 19:23:50","2016-11-14 21:35:17",11,11
31,2158,"2016-10-19 13:39:40","2016-10-19 13:39:40",,11,
20,5096,"2016-09-14 18:07:33","2016-09-14 18:07:33","2016-10-19 13:43:56",11,11
64,584,"2016-11-14 21:35:12","2016-11-14 21:35:12",,11,
43,3081,"2016-10-03 14:52:15","2016-10-03 14:52:15",,11,
43,863,"2016-10-03 14:55:48","2016-10-03 14:55:48",,11,
64,1536,"2016-11-14 20:56:48","2016-11-14 20:56:48",,11,
64,5225,"2016-10-19 13:05:50","2016-10-19 13:05:50",,11,
52,5096,"2016-10-19 13:44:26","2016-10-19 13:44:26",,11,
43,12291,"2016-10-19 13:53:26","2016-10-19 13:53:26",,11,
11,17785,"2016-10-12 16:51:27","2016-10-12 16:51:27",,11,
11,13092,"2016-10-12 16:48:51","2016-10-12 16:48:51","2016-10-19 13:54:06",11,11
20,13092,"2016-10-12 16:49:14","2016-10-12 16:49:14","2016-10-19 13:54:08",11,11
20,15297,"2016-10-12 16:47:38","2016-10-12 16:47:38",,11,
59,27,"2016-10-26 20:14:01","2016-10-26 20:14:01",,11,
20,17785,"2016-10-12 16:51:34","2016-10-12 16:51:34","2016-10-12 17:02:49",11,11
20,17785,"2016-10-12 17:00:09","2016-10-12 17:00:09","2016-10-12 17:02:49",11,11
52,17,"2016-10-12 17:35:35","2016-10-12 17:35:35",,11,
52,4767,"2016-10-12 17:38:05","2016-10-12 17:38:05",,11,
52,5225,"2016-10-12 17:44:22","2016-10-12 17:44:22",,11,
52,1282,"2016-10-12 17:52:58","2016-10-12 17:52:58",,11,
52,1348,"2016-10-12 17:59:37","2016-10-12 17:59:37",,11,
52,5195,"2016-10-12 18:03:36","2016-10-12 18:03:36",,11,
52,186,"2016-10-19 13:58:06","2016-10-19 13:58:06",,11,
52,836,"2016-10-12 18:08:57","2016-10-12 18:08:57",,11,
43,836,"2016-10-03 14:43:58","2016-10-03 14:43:58","2016-10-12 18:11:26",11,11
52,1332,"2016-10-05 19:00:39","2016-10-05 19:00:39",,11,
52,12340,"2016-10-12 17:33:26","2016-10-12 17:33:26",,11,
52,624,"2016-10-12 18:13:32","2016-10-12 18:13:32",,11,
52,1621,"2016-10-12 18:14:51","2016-10-12 18:14:51",,11,
16,3913,"2016-10-12 18:22:08","2016-10-12 18:22:08",,11,
16,257,"2016-10-12 18:25:26","2016-10-12 18:25:26",,11,
64,806,"2016-11-14 21:37:19","2016-11-14 21:37:19",,11,
52,1647,"2016-10-12 18:27:59","2016-10-12 18:27:59",,11,
52,3946,"2016-10-12 18:30:43","2016-10-12 18:30:43",,11,
16,3972,"2016-10-12 18:31:07","2016-10-12 18:31:07",,11,
16,4198,"2016-10-12 18:33:22","2016-10-12 18:33:22",,11,
16,584,"2016-10-12 18:36:21","2016-10-12 18:36:21",,11,
52,588,"2016-10-12 18:49:44","2016-10-12 18:49:44",,11,
52,7,"2016-10-12 18:51:56","2016-10-12 18:51:56",,11,
16,5108,"2016-10-12 19:02:00","2016-10-12 19:02:00",,11,
52,1318,"2016-10-12 19:09:48","2016-10-12 19:09:48",,11,
52,1473,"2016-10-12 19:11:03","2016-10-12 19:11:03",,11,
59,4228,"2016-11-14 21:42:23","2016-11-14 21:42:23",,11,
52,2717,"2016-10-17 19:59:17","2016-10-17 19:59:17",,11,
38,15260,"2016-10-03 14:48:15","2016-10-03 14:48:15","2016-10-03 14:52:31",11,11
43,15260,"2016-10-03 14:50:31","2016-10-03 14:50:31",,11,
20,2112,"2016-10-12 18:02:36","2016-10-12 18:02:36","2016-10-26 20:34:38",11,11
55,706,"2016-10-26 20:36:15","2016-10-26 20:36:15",,11,
52,27,"2016-10-12 17:32:32","2016-10-12 17:32:32","2016-11-14 20:14:00",11,11
59,706,"2016-10-26 20:36:22","2016-10-26 20:36:22",,11,
58,1228,"2016-10-26 20:37:50","2016-10-26 20:37:50",,11,
20,5108,"2016-10-12 18:25:05","2016-10-12 18:25:05",,11,
20,4623,"2016-10-12 18:34:49","2016-10-12 18:34:49","2016-10-26 21:25:56",11,11
20,4135,"2016-10-12 18:32:33","2016-10-12 18:32:33",,11,
20,762,"2016-10-12 19:07:21","2016-10-12 19:07:21","2016-10-26 21:35:46",11,11
20,874,"2016-10-12 19:09:07","2016-10-12 19:09:07","2016-10-26 21:38:06",11,11
52,17817,"2016-10-12 17:41:25","2016-10-12 17:41:25",,11,
52,17942,"2016-10-12 17:46:16","2016-10-12 17:46:16",,11,
59,688,"2016-10-26 20:35:36","2016-10-26 20:35:36",,11,
20,688,"2016-10-12 18:07:00","2016-10-12 18:07:00","2016-10-26 20:35:56",11,11
20,27,"2016-10-12 19:12:03","2016-10-12 19:12:03","2016-10-26 20:14:24",11,11
59,12340,"2016-10-26 20:15:49","2016-10-26 20:15:49",,11,
43,11610,"2016-10-19 13:00:52","2016-10-19 13:00:52",,11,
43,1423,"2016-12-06 14:48:22","2016-12-06 14:48:22",,11,
43,5225,"2016-10-12 17:42:49","2016-10-12 17:42:49","2016-10-19 13:05:57",11,11
43,18062,"2016-10-03 14:54:48","2016-10-03 14:54:48",,11,
55,15846,"2016-10-24 19:10:38","2016-10-24 19:10:38",,11,
55,1472,"2016-10-24 19:11:17","2016-10-24 19:11:17",,11,
55,4170,"2016-10-24 19:11:46","2016-10-24 19:11:46",,11,
55,4987,"2016-10-24 19:12:44","2016-10-24 19:12:44",,11,
55,636,"2016-10-24 19:13:11","2016-10-24 19:13:11",,11,
55,13225,"2016-10-24 19:14:11","2016-10-24 19:14:11",,11,
55,2025,"2016-10-24 19:15:33","2016-10-24 19:15:33",,11,
55,3274,"2016-10-24 19:15:59","2016-10-24 19:15:59",,11,
55,5261,"2016-10-24 19:16:40","2016-10-24 19:16:40",,11,
55,15278,"2016-10-24 19:17:26","2016-10-24 19:17:26",,11,
55,12379,"2016-10-24 19:18:07","2016-10-24 19:18:07",,11,
55,4820,"2016-10-24 19:18:29","2016-10-24 19:18:29",,11,
55,5313,"2016-10-24 19:23:30","2016-10-24 19:23:30",,11,
55,584,"2016-10-24 19:25:51","2016-10-24 19:25:51",,11,
55,985,"2016-10-24 19:26:16","2016-10-24 19:26:16",,11,
55,11000,"2016-10-24 19:27:42","2016-10-24 19:27:42",,11,
52,10748,"2016-10-24 19:46:26","2016-10-24 19:46:26",,11,
11,10748,"2016-09-14 17:29:06","2016-09-14 17:29:06","2016-10-24 19:46:56",11,11
20,17785,"2016-10-24 19:54:01","2016-10-24 19:54:01",,11,
11,5876,"2016-10-26 13:25:15","2016-10-26 13:25:15",,11,
55,762,"2016-10-26 13:31:19","2016-10-26 13:31:19",,11,
29,10748,"2016-10-24 19:50:13","2016-10-24 19:50:13",,11,
20,1575,"2016-10-12 19:24:00","2016-10-12 19:24:00","2016-10-26 18:37:07",11,11
20,1575,"2016-10-12 19:25:23","2016-10-12 19:25:23","2016-10-26 18:37:07",11,11
58,7497,"2016-10-26 18:48:43","2016-10-26 18:48:43",,11,
20,12291,"2016-10-12 17:35:12","2016-10-12 17:35:12","2016-10-26 20:17:37",11,11
59,9237,"2016-10-26 20:18:42","2016-10-26 20:18:42",,11,
20,9237,"2016-10-12 17:37:37","2016-10-12 17:37:37","2016-10-26 20:19:02",11,11
59,1536,"2016-10-26 20:19:30","2016-10-26 20:19:30",,11,
59,2112,"2016-10-26 20:34:18","2016-10-26 20:34:18",,11,
20,706,"2016-10-12 18:10:40","2016-10-12 18:10:40","2016-10-26 20:36:42",11,11
52,1228,"2016-10-12 18:11:50","2016-10-12 18:11:50","2016-10-26 20:38:09",11,11
59,1228,"2016-10-26 20:38:02","2016-10-26 20:38:02",,11,
52,1423,"2016-10-12 18:19:21","2016-10-12 18:19:21","2016-10-26 20:45:27",11,11
59,1423,"2016-10-26 20:45:37","2016-10-26 20:45:37",,11,
59,7497,"2016-10-26 20:47:20","2016-10-26 20:47:20",,11,
20,7497,"2016-10-12 18:49:23","2016-10-12 18:49:23","2016-10-26 20:47:40",11,11
43,18457,"2016-10-03 14:43:20","2016-10-03 14:43:20","2016-10-19 13:05:05",11,11
59,18545,"2016-10-26 20:48:21","2016-10-26 20:48:21","2016-10-26 20:48:50",11,11
72,5064,"2017-01-18 20:42:50","2017-01-18 20:42:50",,11,
59,15846,"2016-10-26 21:04:44","2016-10-26 21:04:44",,11,
20,15846,"2016-10-12 19:22:14","2016-10-12 19:22:14","2016-10-26 21:05:05",11,11
59,15278,"2016-10-26 21:15:58","2016-10-26 21:15:58",,11,
59,18035,"2016-10-26 21:18:39","2016-10-26 21:18:39",,11,
59,4426,"2016-10-26 21:07:02","2016-10-26 21:07:02",,11,
55,4426,"2016-10-26 21:07:09","2016-10-26 21:07:09",,11,
20,5195,"2016-10-12 18:03:42","2016-10-12 18:03:42","2016-10-26 21:45:10",11,11
59,12291,"2016-10-26 20:17:17","2016-10-26 20:17:17","2016-11-14 20:17:26",11,11
20,3967,"2016-10-12 18:23:35","2016-10-12 18:23:35",,11,
59,1575,"2016-10-26 21:19:35","2016-10-26 21:19:35",,11,
59,1608,"2016-10-26 21:20:38","2016-10-26 21:20:38",,11,
59,1613,"2016-10-26 21:21:57","2016-10-26 21:21:57",,11,
55,3967,"2016-10-26 21:22:15","2016-10-26 21:22:15",,11,
59,3967,"2016-10-26 21:22:58","2016-10-26 21:22:58",,11,
59,5286,"2016-10-26 21:24:39","2016-10-26 21:24:39",,11,
20,5286,"2016-10-12 18:26:52","2016-10-12 18:26:52","2016-10-26 21:24:59",11,11
59,4623,"2016-10-26 21:25:36","2016-10-26 21:25:36",,11,
59,584,"2016-10-26 21:26:16","2016-10-26 21:26:16",,11,
59,36,"2016-10-26 21:33:50","2016-10-26 21:33:50",,11,
20,36,"2016-10-12 19:05:51","2016-10-12 19:05:51","2016-10-26 21:34:10",11,11
59,762,"2016-10-26 21:35:26","2016-10-26 21:35:26",,11,
52,806,"2016-10-26 21:36:21","2016-10-26 21:36:21",,11,
55,874,"2016-10-26 21:37:37","2016-10-26 21:37:37",,11,
59,874,"2016-10-26 21:37:46","2016-10-26 21:37:46",,11,
55,1575,"2016-10-26 21:19:42","2016-10-26 21:19:42","2016-11-14 21:28:54",11,11
64,5286,"2016-11-14 21:32:36","2016-11-14 21:32:36",,11,
16,7482,"2016-10-26 21:51:48","2016-10-26 21:51:48",,11,
16,93,"2016-10-26 21:55:39","2016-10-26 21:55:39",,11,
64,36,"2016-11-14 21:35:57","2016-11-14 21:35:57",,11,
64,1238,"2016-10-26 21:38:58","2016-10-26 21:38:58","2016-11-14 21:41:29",11,11
59,1238,"2016-10-26 21:38:47","2016-10-26 21:38:47","2016-11-14 21:41:31",11,11
64,1755,"2016-11-14 21:43:04","2016-11-14 21:43:04",,11,
43,15990,"2016-10-03 14:46:25","2016-10-03 14:46:25","2016-12-06 15:16:40",11,11
59,17272,"2016-10-26 21:35:02","2016-10-26 21:35:02","2016-12-06 21:37:49",11,11
72,5225,"2017-01-18 20:49:25","2017-01-18 20:49:25",,11,
72,18457,"2017-01-20 16:34:12","2017-01-20 16:34:12",,11,
64,706,"2016-11-14 20:57:04","2016-11-14 20:57:04",,11,
64,1423,"2016-11-14 21:01:32","2016-11-14 21:01:32",,11,
59,18545,"2016-11-14 21:04:31","2016-11-14 21:04:31",,11,
62,15631,"2016-11-14 21:11:38","2016-11-14 21:11:38",,11,
64,15846,"2016-08-03 14:31:57","2016-08-03 14:31:57",,11,
64,15278,"2016-08-03 14:36:48","2016-08-03 14:36:48",,11,
64,874,"2016-10-26 21:39:27","2016-10-26 21:39:27",,11,
64,27,"2016-10-26 21:40:02","2016-10-26 21:40:02",,11,
64,1332,"2016-10-26 21:40:45","2016-10-26 21:40:45",,11,
64,12340,"2016-10-26 21:40:19","2016-10-26 21:40:19","2016-10-26 21:42:03",11,11
64,12291,"2016-10-26 21:41:03","2016-10-26 21:41:03","2016-10-26 21:42:15",11,11
64,4767,"2016-10-26 21:42:16","2016-10-26 21:42:16",,11,
64,17817,"2016-10-26 21:42:44","2016-10-26 21:42:44",,11,
64,17942,"2016-10-26 21:43:47","2016-10-26 21:43:47",,11,
64,1282,"2016-10-26 21:44:03","2016-10-26 21:44:03",,11,
64,1348,"2016-10-26 21:44:24","2016-10-26 21:44:24",,11,
64,5195,"2016-10-26 21:44:49","2016-10-26 21:44:49",,11,
64,17934,"2016-10-26 21:45:13","2016-10-26 21:45:13",,11,
64,836,"2016-10-26 21:46:54","2016-10-26 21:46:54",,11,
64,285,"2016-10-26 21:47:13","2016-10-26 21:47:13",,11,
64,624,"2016-10-26 21:47:25","2016-10-26 21:47:25",,11,
64,1621,"2016-10-26 21:47:40","2016-10-26 21:47:40",,11,
64,17033,"2016-10-26 21:48:41","2016-10-26 21:48:41",,11,
64,17786,"2016-10-26 21:48:53","2016-10-26 21:48:53",,11,
64,7478,"2016-10-26 21:49:40","2016-10-26 21:49:40",,11,
64,184,"2016-10-26 21:49:53","2016-10-26 21:49:53",,11,
64,1085,"2016-10-26 21:50:18","2016-10-26 21:50:18",,11,
64,12118,"2016-10-26 21:51:03","2016-10-26 21:51:03",,11,
64,7482,"2016-10-26 21:51:52","2016-10-26 21:51:52",,11,
64,2070,"2016-10-26 21:52:36","2016-10-26 21:52:36",,11,
64,13261,"2016-10-26 21:53:58","2016-10-26 21:53:58",,11,
64,3165,"2016-10-26 21:54:49","2016-10-26 21:54:49",,11,
64,3698,"2016-10-26 21:55:17","2016-10-26 21:55:17",,11,
64,93,"2016-10-26 21:55:43","2016-10-26 21:55:43",,11,
64,134,"2016-10-26 21:56:17","2016-10-26 21:56:17",,11,
64,282,"2016-10-26 21:56:44","2016-10-26 21:56:44",,11,
64,607,"2016-10-26 21:57:14","2016-10-26 21:57:14",,11,
64,12505,"2016-10-26 21:57:45","2016-10-26 21:57:45",,11,
64,989,"2016-10-26 21:58:24","2016-10-26 21:58:24",,11,
64,1087,"2016-10-26 21:58:51","2016-10-26 21:58:51",,11,
64,1774,"2016-10-26 21:59:11","2016-10-26 21:59:11",,11,
64,15337,"2016-10-26 22:01:05","2016-10-26 22:01:05",,11,
64,17927,"2016-10-26 22:01:35","2016-10-26 22:01:35",,11,
38,35,"2016-09-07 20:15:57","2016-09-07 20:15:57","2017-01-23 13:42:21",11,1
38,35,"2017-01-23 14:00:22","2017-01-23 14:00:22",,1,
